file:///D:/documents/Programming/maui/maui-gui/videos/velocityType1.AVI,frame number,time(seconds),xLocation,peak positive(pixels),mean positive(pixels),mean negative(pixels),peak negative(pixels),peak all(pixels), mean all(pixels),peak positive(cm/s),mean positive(cm/s),mean negative(cm/s),peak negative(cm/s),peak all(cm/s),mean all(cm/s)
D:/documents/Programming/maui/maui-gui/videos,1,0,1,0,0,0,0,0,0,0,0,0,0,0,0
2020/01/02 20:21:17,1,0,2,0,0,0,0,0,0,0,0,0,0,0,0
1.88 pixels = 1 cm/s,1,0,3,0,0,0,0,0,0,0,0,0,0,0,0
MAUI version 4.7,1,0,4,0,0,0,0,0,0,0,0,0,0,0,0
,2,0.0285714,5,0,0,0,0,0,0,0,0,0,0,0,0
,2,0.0285714,6,0,0,0,0,0,0,0,0,0,0,0,0
,2,0.0285714,7,28,18,0,0,28,18,14.8936,9.57447,0,0,14.8936,9.57447
,2,0.0285714,8,29,18,0,0,29,18,15.4255,9.57447,0,0,15.4255,9.57447
,3,0.0571429,9,30,18,0,0,30,18,15.9574,9.57447,0,0,15.9574,9.57447
,3,0.0571429,9.66667,30,17,0,0,30,17,15.9574,9.04255,0,0,15.9574,9.04255
,3,0.0571429,10.3333,30,17,0,0,30,17,15.9574,9.04255,0,0,15.9574,9.04255
,3,0.0571429,11,33,19,0,0,33,19,17.5532,10.1064,0,0,17.5532,10.1064
,4,0.0857143,12,39,21,0,0,39,21,20.7447,11.1702,0,0,20.7447,11.1702
,4,0.0857143,13,47,27,0,0,47,27,25,14.3617,0,0,25,14.3617
,4,0.0857143,14,56,32,0,0,56,32,29.7872,17.0213,0,0,29.7872,17.0213
,4,0.0857143,15,65,39,0,0,65,39,34.5745,20.7447,0,0,34.5745,20.7447
,5,0.114286,16,74,46,0,0,74,46,39.3617,24.4681,0,0,39.3617,24.4681
,5,0.114286,16.6667,84,52,0,0,84,52,44.6809,27.6596,0,0,44.6809,27.6596
,5,0.114286,17.3333,84,52,0,0,84,52,44.6809,27.6596,0,0,44.6809,27.6596
,5,0.114286,18,83,55,0,0,83,55,44.1489,29.2553,0,0,44.1489,29.2553
,6,0.142857,19,84,52,0,0,84,52,44.6809,27.6596,0,0,44.6809,27.6596
,6,0.142857,20,77,44,0,0,77,44,40.9574,23.4043,0,0,40.9574,23.4043
,6,0.142857,21,69,39,0,0,69,39,36.7021,20.7447,0,0,36.7021,20.7447
,6,0.142857,22,70,34,0,0,70,34,37.234,18.0851,0,0,37.234,18.0851
,7,0.171429,23,54,30,0,0,54,30,28.7234,15.9574,0,0,28.7234,15.9574
,7,0.171429,23.6667,53,29,0,0,53,29,28.1915,15.4255,0,0,28.1915,15.4255
,7,0.171429,24.3333,53,29,0,0,53,29,28.1915,15.4255,0,0,28.1915,15.4255
,7,0.171429,25,51,26,0,0,51,26,27.1277,13.8298,0,0,27.1277,13.8298
,8,0.2,26,46,22,0,0,46,22,24.4681,11.7021,0,0,24.4681,11.7021
,8,0.2,27,40,19,0,0,40,19,21.2766,10.1064,0,0,21.2766,10.1064
,8,0.2,28,39,20,0,0,39,20,20.7447,10.6383,0,0,20.7447,10.6383
,8,0.2,29,40,21,0,0,40,21,21.2766,11.1702,0,0,21.2766,11.1702
,9,0.228571,30,40,23,0,0,40,23,21.2766,12.234,0,0,21.2766,12.234
,9,0.228571,30.6667,38,21,0,0,38,21,20.2128,11.1702,0,0,20.2128,11.1702
,9,0.228571,31.3333,38,21,0,0,38,21,20.2128,11.1702,0,0,20.2128,11.1702
,9,0.228571,32,35,21,0,0,35,21,18.617,11.1702,0,0,18.617,11.1702
,10,0.257143,33,35,22,0,0,35,22,18.617,11.7021,0,0,18.617,11.7021
,10,0.257143,34,36,22,0,0,36,22,19.1489,11.7021,0,0,19.1489,11.7021
,10,0.257143,35,37,23,0,0,37,23,19.6809,12.234,0,0,19.6809,12.234
,10,0.257143,36,37,23,0,0,37,23,19.6809,12.234,0,0,19.6809,12.234
,11,0.285714,37,37,24,0,0,37,24,19.6809,12.766,0,0,19.6809,12.766
,11,0.285714,37.6667,40,24,0,0,40,24,21.2766,12.766,0,0,21.2766,12.766
,11,0.285714,38.3333,40,24,0,0,40,24,21.2766,12.766,0,0,21.2766,12.766
,11,0.285714,39,41,23,0,0,41,23,21.8085,12.234,0,0,21.8085,12.234
,12,0.314286,40,39,23,0,0,39,23,20.7447,12.234,0,0,20.7447,12.234
,12,0.314286,41,38,22,0,0,38,22,20.2128,11.7021,0,0,20.2128,11.7021
,12,0.314286,42,35,22,0,0,35,22,18.617,11.7021,0,0,18.617,11.7021
,12,0.314286,43,32,18,0,0,32,18,17.0213,9.57447,0,0,17.0213,9.57447
,13,0.342857,44,30,17,0,0,30,17,15.9574,9.04255,0,0,15.9574,9.04255
,13,0.342857,44.6667,35,20,0,0,35,20,18.617,10.6383,0,0,18.617,10.6383
,13,0.342857,45.3333,35,20,0,0,35,20,18.617,10.6383,0,0,18.617,10.6383
,13,0.342857,46,39,23,0,0,39,23,20.7447,12.234,0,0,20.7447,12.234
,14,0.371429,47,49,26,0,0,49,26,26.0638,13.8298,0,0,26.0638,13.8298
,14,0.371429,48,51,29,0,0,51,29,27.1277,15.4255,0,0,27.1277,15.4255
,14,0.371429,49,50,28,0,0,50,28,26.5957,14.8936,0,0,26.5957,14.8936
,14,0.371429,50,46,24,0,0,46,24,24.4681,12.766,0,0,24.4681,12.766
,15,0.4,51,47,24,0,0,47,24,25,12.766,0,0,25,12.766
,15,0.4,51.6667,41,25,0,0,41,25,21.8085,13.2979,0,0,21.8085,13.2979
,15,0.4,52.3333,41,25,0,0,41,25,21.8085,13.2979,0,0,21.8085,13.2979
,15,0.4,53,46,26,0,0,46,26,24.4681,13.8298,0,0,24.4681,13.8298
,16,0.428571,54,46,28,0,0,46,28,24.4681,14.8936,0,0,24.4681,14.8936
,16,0.428571,55,45,27,0,0,45,27,23.9362,14.3617,0,0,23.9362,14.3617
,16,0.428571,56,45,26,0,0,45,26,23.9362,13.8298,0,0,23.9362,13.8298
,16,0.428571,57,44,26,0,0,44,26,23.4043,13.8298,0,0,23.4043,13.8298
,17,0.457143,58,41,25,0,0,41,25,21.8085,13.2979,0,0,21.8085,13.2979
,17,0.457143,59,38,21,0,0,38,21,20.2128,11.1702,0,0,20.2128,11.1702
,17,0.457143,60,37,20,0,0,37,20,19.6809,10.6383,0,0,19.6809,10.6383
,17,0.457143,61,37,20,0,0,37,20,19.6809,10.6383,0,0,19.6809,10.6383
,18,0.485714,62,36,22,0,0,36,22,19.1489,11.7021,0,0,19.1489,11.7021
,18,0.485714,62.6667,35,22,0,0,35,22,18.617,11.7021,0,0,18.617,11.7021
,18,0.485714,63.3333,35,22,0,0,35,22,18.617,11.7021,0,0,18.617,11.7021
,18,0.485714,64,34,21,0,0,34,21,18.0851,11.1702,0,0,18.0851,11.1702
,19,0.514286,65,33,20,0,0,33,20,17.5532,10.6383,0,0,17.5532,10.6383
,19,0.514286,66,29,18,0,0,29,18,15.4255,9.57447,0,0,15.4255,9.57447
,19,0.514286,67,28,18,0,0,28,18,14.8936,9.57447,0,0,14.8936,9.57447
,19,0.514286,68,29,19,0,0,29,19,15.4255,10.1064,0,0,15.4255,10.1064
,20,0.542857,69,29,17,0,0,29,17,15.4255,9.04255,0,0,15.4255,9.04255
,20,0.542857,69.6667,28,16,0,0,28,16,14.8936,8.51064,0,0,14.8936,8.51064
,20,0.542857,70.3333,28,16,0,0,28,16,14.8936,8.51064,0,0,14.8936,8.51064
,20,0.542857,71,29,17,0,0,29,17,15.4255,9.04255,0,0,15.4255,9.04255
,21,0.571429,72,30,18,0,0,30,18,15.9574,9.57447,0,0,15.9574,9.57447
,21,0.571429,73,30,18,0,0,30,18,15.9574,9.57447,0,0,15.9574,9.57447
,21,0.571429,74,30,19,0,0,30,19,15.9574,10.1064,0,0,15.9574,10.1064
,21,0.571429,75,30,18,0,0,30,18,15.9574,9.57447,0,0,15.9574,9.57447
,22,0.6,76,30,18,0,0,30,18,15.9574,9.57447,0,0,15.9574,9.57447
,22,0.6,76.6667,32,19,0,0,32,19,17.0213,10.1064,0,0,17.0213,10.1064
,22,0.6,77.3333,32,19,0,0,32,19,17.0213,10.1064,0,0,17.0213,10.1064
,22,0.6,78,32,19,0,0,32,19,17.0213,10.1064,0,0,17.0213,10.1064
,23,0.628571,79,32,19,0,0,32,19,17.0213,10.1064,0,0,17.0213,10.1064
,23,0.628571,80,33,21,0,0,33,21,17.5532,11.1702,0,0,17.5532,11.1702
,23,0.628571,81,33,21,0,0,33,21,17.5532,11.1702,0,0,17.5532,11.1702
,23,0.628571,82,33,19,0,0,33,19,17.5532,10.1064,0,0,17.5532,10.1064
,24,0.657143,83,34,20,0,0,34,20,18.0851,10.6383,0,0,18.0851,10.6383
,24,0.657143,83.6667,34,21,0,0,34,21,18.0851,11.1702,0,0,18.0851,11.1702
,24,0.657143,84.3333,34,21,0,0,34,21,18.0851,11.1702,0,0,18.0851,11.1702
,24,0.657143,85,34,21,0,0,34,21,18.0851,11.1702,0,0,18.0851,11.1702
,25,0.685714,86,34,21,0,0,34,21,18.0851,11.1702,0,0,18.0851,11.1702
,25,0.685714,87,34,22,0,0,34,22,18.0851,11.7021,0,0,18.0851,11.7021
,25,0.685714,88,35,23,0,0,35,23,18.617,12.234,0,0,18.617,12.234
,25,0.685714,89,33,22,0,0,33,22,17.5532,11.7021,0,0,17.5532,11.7021
,26,0.714286,90,34,22,0,0,34,22,18.0851,11.7021,0,0,18.0851,11.7021
,26,0.714286,90.6667,36,23,0,0,36,23,19.1489,12.234,0,0,19.1489,12.234
,26,0.714286,91.3333,36,23,0,0,36,23,19.1489,12.234,0,0,19.1489,12.234
,26,0.714286,92,35,21,0,0,35,21,18.617,11.1702,0,0,18.617,11.1702
,27,0.742857,93,32,18,0,0,32,18,17.0213,9.57447,0,0,17.0213,9.57447
,27,0.742857,94,34,20,0,0,34,20,18.0851,10.6383,0,0,18.0851,10.6383
,27,0.742857,95,34,22,0,0,34,22,18.0851,11.7021,0,0,18.0851,11.7021
,27,0.742857,96,33,20,0,0,33,20,17.5532,10.6383,0,0,17.5532,10.6383
,28,0.771429,97,32,19,0,0,32,19,17.0213,10.1064,0,0,17.0213,10.1064
,28,0.771429,97.6667,32,20,0,0,32,20,17.0213,10.6383,0,0,17.0213,10.6383
,28,0.771429,98.3333,32,20,0,0,32,20,17.0213,10.6383,0,0,17.0213,10.6383
,28,0.771429,99,31,19,0,0,31,19,16.4894,10.1064,0,0,16.4894,10.1064
,29,0.8,100,31,19,0,0,31,19,16.4894,10.1064,0,0,16.4894,10.1064
,29,0.8,101,31,18,0,0,31,18,16.4894,9.57447,0,0,16.4894,9.57447
,29,0.8,102,31,20,0,0,31,20,16.4894,10.6383,0,0,16.4894,10.6383
,29,0.8,103,30,19,0,0,30,19,15.9574,10.1064,0,0,15.9574,10.1064
,30,0.828571,104,29,19,0,0,29,19,15.4255,10.1064,0,0,15.4255,10.1064
,30,0.828571,104.667,29,19,0,0,29,19,15.4255,10.1064,0,0,15.4255,10.1064
,30,0.828571,105.333,29,19,0,0,29,19,15.4255,10.1064,0,0,15.4255,10.1064
,30,0.828571,106,29,19,0,0,29,19,15.4255,10.1064,0,0,15.4255,10.1064
,31,0.857143,107,29,19,0,0,29,19,15.4255,10.1064,0,0,15.4255,10.1064
,31,0.857143,108,30,20,0,0,30,20,15.9574,10.6383,0,0,15.9574,10.6383
,31,0.857143,109,30,19,0,0,30,19,15.9574,10.1064,0,0,15.9574,10.1064
,31,0.857143,110,30,19,0,0,30,19,15.9574,10.1064,0,0,15.9574,10.1064
,32,0.885714,111,31,20,0,0,31,20,16.4894,10.6383,0,0,16.4894,10.6383
,32,0.885714,111.667,31,20,0,0,31,20,16.4894,10.6383,0,0,16.4894,10.6383
,32,0.885714,112.333,31,20,0,0,31,20,16.4894,10.6383,0,0,16.4894,10.6383
,32,0.885714,113,33,22,0,0,33,22,17.5532,11.7021,0,0,17.5532,11.7021
,33,0.914286,114,40,25,0,0,40,25,21.2766,13.2979,0,0,21.2766,13.2979
,33,0.914286,115,49,31,0,0,49,31,26.0638,16.4894,0,0,26.0638,16.4894
,33,0.914286,116,62,37,0,0,62,37,32.9787,19.6809,0,0,32.9787,19.6809
,33,0.914286,117,74,46,0,0,74,46,39.3617,24.4681,0,0,39.3617,24.4681
,34,0.942857,118,85,53,0,0,85,53,45.2128,28.1915,0,0,45.2128,28.1915
,34,0.942857,119,90,59,0,0,90,59,47.8723,31.383,0,0,47.8723,31.383
,34,0.942857,120,94,61,0,0,94,61,50,32.4468,0,0,50,32.4468
,34,0.942857,121,92,56,0,0,92,56,48.9362,29.7872,0,0,48.9362,29.7872
,35,0.971429,122,90,49,0,0,90,49,47.8723,26.0638,0,0,47.8723,26.0638
,35,0.971429,122.667,85,48,0,0,85,48,45.2128,25.5319,0,0,45.2128,25.5319
,35,0.971429,123.333,85,48,0,0,85,48,45.2128,25.5319,0,0,45.2128,25.5319
,35,0.971429,124,75,39,0,0,75,39,39.8936,20.7447,0,0,39.8936,20.7447
,36,1,125,69,34,0,0,69,34,36.7021,18.0851,0,0,36.7021,18.0851
,36,1,126,65,33,0,0,65,33,34.5745,17.5532,0,0,34.5745,17.5532
,36,1,127,57,28,0,0,57,28,30.3191,14.8936,0,0,30.3191,14.8936
,36,1,128,49,27,0,0,49,27,26.0638,14.3617,0,0,26.0638,14.3617
,37,1.02857,129,54,26,0,0,54,26,28.7234,13.8298,0,0,28.7234,13.8298
,37,1.02857,129.667,46,23,0,0,46,23,24.4681,12.234,0,0,24.4681,12.234
,37,1.02857,130.333,46,23,0,0,46,23,24.4681,12.234,0,0,24.4681,12.234
,37,1.02857,131,49,25,0,0,49,25,26.0638,13.2979,0,0,26.0638,13.2979
,38,1.05714,132,49,26,0,0,49,26,26.0638,13.8298,0,0,26.0638,13.8298
,38,1.05714,133,48,28,0,0,48,28,25.5319,14.8936,0,0,25.5319,14.8936
,38,1.05714,134,47,28,0,0,47,28,25,14.8936,0,0,25,14.8936
,38,1.05714,135,47,27,0,0,47,27,25,14.3617,0,0,25,14.3617
,39,1.08571,136,46,26,0,0,46,26,24.4681,13.8298,0,0,24.4681,13.8298
,39,1.08571,136.667,48,28,0,0,48,28,25.5319,14.8936,0,0,25.5319,14.8936
,39,1.08571,137.333,48,28,0,0,48,28,25.5319,14.8936,0,0,25.5319,14.8936
,39,1.08571,138,49,29,0,0,49,29,26.0638,15.4255,0,0,26.0638,15.4255
,40,1.11429,139,49,29,0,0,49,29,26.0638,15.4255,0,0,26.0638,15.4255
,40,1.11429,140,48,28,0,0,48,28,25.5319,14.8936,0,0,25.5319,14.8936
,40,1.11429,141,49,31,0,0,49,31,26.0638,16.4894,0,0,26.0638,16.4894
,40,1.11429,142,52,33,0,0,52,33,27.6596,17.5532,0,0,27.6596,17.5532
,41,1.14286,143,52,29,0,0,52,29,27.6596,15.4255,0,0,27.6596,15.4255
,41,1.14286,143.667,46,26,0,0,46,26,24.4681,13.8298,0,0,24.4681,13.8298
,41,1.14286,144.333,46,26,0,0,46,26,24.4681,13.8298,0,0,24.4681,13.8298
,41,1.14286,145,42,24,0,0,42,24,22.3404,12.766,0,0,22.3404,12.766
,42,1.17143,146,38,22,0,0,38,22,20.2128,11.7021,0,0,20.2128,11.7021
,42,1.17143,147,34,19,0,0,34,19,18.0851,10.1064,0,0,18.0851,10.1064
,42,1.17143,148,38,19,0,0,38,19,20.2128,10.1064,0,0,20.2128,10.1064
,42,1.17143,149,41,24,0,0,41,24,21.8085,12.766,0,0,21.8085,12.766
,43,1.2,150,43,25,0,0,43,25,22.8723,13.2979,0,0,22.8723,13.2979
,43,1.2,150.667,46,27,0,0,46,27,24.4681,14.3617,0,0,24.4681,14.3617
,43,1.2,151.333,46,27,0,0,46,27,24.4681,14.3617,0,0,24.4681,14.3617
,43,1.2,152,49,30,0,0,49,30,26.0638,15.9574,0,0,26.0638,15.9574
,44,1.22857,153,49,30,0,0,49,30,26.0638,15.9574,0,0,26.0638,15.9574
,44,1.22857,154,48,29,0,0,48,29,25.5319,15.4255,0,0,25.5319,15.4255
,44,1.22857,155,51,31,0,0,51,31,27.1277,16.4894,0,0,27.1277,16.4894
,44,1.22857,156,50,32,0,0,50,32,26.5957,17.0213,0,0,26.5957,17.0213
,45,1.25714,157,47,30,0,0,47,30,25,15.9574,0,0,25,15.9574
,45,1.25714,157.667,46,27,0,0,46,27,24.4681,14.3617,0,0,24.4681,14.3617
,45,1.25714,158.333,46,27,0,0,46,27,24.4681,14.3617,0,0,24.4681,14.3617
,45,1.25714,159,46,25,0,0,46,25,24.4681,13.2979,0,0,24.4681,13.2979
,46,1.28571,160,45,25,0,0,45,25,23.9362,13.2979,0,0,23.9362,13.2979
,46,1.28571,161,41,24,0,0,41,24,21.8085,12.766,0,0,21.8085,12.766
,46,1.28571,162,41,25,0,0,41,25,21.8085,13.2979,0,0,21.8085,13.2979
,46,1.28571,163,41,24,0,0,41,24,21.8085,12.766,0,0,21.8085,12.766
,47,1.31429,164,40,24,0,0,40,24,21.2766,12.766,0,0,21.2766,12.766
,47,1.31429,164.667,40,23,0,0,40,23,21.2766,12.234,0,0,21.2766,12.234
,47,1.31429,165.333,40,23,0,0,40,23,21.2766,12.234,0,0,21.2766,12.234
,47,1.31429,166,39,23,0,0,39,23,20.7447,12.234,0,0,20.7447,12.234
,48,1.34286,167,37,21,0,0,37,21,19.6809,11.1702,0,0,19.6809,11.1702
,48,1.34286,168,36,21,0,0,36,21,19.1489,11.1702,0,0,19.1489,11.1702
,48,1.34286,169,36,22,0,0,36,22,19.1489,11.7021,0,0,19.1489,11.7021
,48,1.34286,170,36,22,0,0,36,22,19.1489,11.7021,0,0,19.1489,11.7021
,49,1.37143,171,35,22,0,0,35,22,18.617,11.7021,0,0,18.617,11.7021
,49,1.37143,171.667,35,20,0,0,35,20,18.617,10.6383,0,0,18.617,10.6383
,49,1.37143,172.333,35,20,0,0,35,20,18.617,10.6383,0,0,18.617,10.6383
,49,1.37143,173,35,20,0,0,35,20,18.617,10.6383,0,0,18.617,10.6383
,50,1.4,174,35,20,0,0,35,20,18.617,10.6383,0,0,18.617,10.6383
,50,1.4,175,32,19,0,0,32,19,17.0213,10.1064,0,0,17.0213,10.1064
,50,1.4,176,34,20,0,0,34,20,18.0851,10.6383,0,0,18.0851,10.6383
,50,1.4,177,36,22,0,0,36,22,19.1489,11.7021,0,0,19.1489,11.7021
,51,1.42857,178,36,22,0,0,36,22,19.1489,11.7021,0,0,19.1489,11.7021
,51,1.42857,179,35,22,0,0,35,22,18.617,11.7021,0,0,18.617,11.7021
,51,1.42857,180,32,21,0,0,32,21,17.0213,11.1702,0,0,17.0213,11.1702
,51,1.42857,181,35,21,0,0,35,21,18.617,11.1702,0,0,18.617,11.1702
,52,1.45714,182,37,21,0,0,37,21,19.6809,11.1702,0,0,19.6809,11.1702
,52,1.45714,182.667,37,21,0,0,37,21,19.6809,11.1702,0,0,19.6809,11.1702
,52,1.45714,183.333,37,21,0,0,37,21,19.6809,11.1702,0,0,19.6809,11.1702
,52,1.45714,184,35,20,0,0,35,20,18.617,10.6383,0,0,18.617,10.6383
,53,1.48571,185,34,19,0,0,34,19,18.0851,10.1064,0,0,18.0851,10.1064
,53,1.48571,186,36,21,0,0,36,21,19.1489,11.1702,0,0,19.1489,11.1702
,53,1.48571,187,36,22,0,0,36,22,19.1489,11.7021,0,0,19.1489,11.7021
,53,1.48571,188,36,22,0,0,36,22,19.1489,11.7021,0,0,19.1489,11.7021
,54,1.51429,189,37,23,0,0,37,23,19.6809,12.234,0,0,19.6809,12.234
,54,1.51429,189.667,37,22,0,0,37,22,19.6809,11.7021,0,0,19.6809,11.7021
,54,1.51429,190.333,37,22,0,0,37,22,19.6809,11.7021,0,0,19.6809,11.7021
,54,1.51429,191,38,24,0,0,38,24,20.2128,12.766,0,0,20.2128,12.766
,55,1.54286,192,38,25,0,0,38,25,20.2128,13.2979,0,0,20.2128,13.2979
,55,1.54286,193,39,25,0,0,39,25,20.7447,13.2979,0,0,20.7447,13.2979
,55,1.54286,194,38,24,0,0,38,24,20.2128,12.766,0,0,20.2128,12.766
,55,1.54286,195,37,22,0,0,37,22,19.6809,11.7021,0,0,19.6809,11.7021
,56,1.57143,196,38,22,0,0,38,22,20.2128,11.7021,0,0,20.2128,11.7021
,56,1.57143,196.667,37,23,0,0,37,23,19.6809,12.234,0,0,19.6809,12.234
,56,1.57143,197.333,37,23,0,0,37,23,19.6809,12.234,0,0,19.6809,12.234
,56,1.57143,198,36,22,0,0,36,22,19.1489,11.7021,0,0,19.1489,11.7021
,57,1.6,199,36,22,0,0,36,22,19.1489,11.7021,0,0,19.1489,11.7021
,57,1.6,200,35,24,0,0,35,24,18.617,12.766,0,0,18.617,12.766
,57,1.6,201,34,22,0,0,34,22,18.0851,11.7021,0,0,18.0851,11.7021
,57,1.6,202,33,21,0,0,33,21,17.5532,11.1702,0,0,17.5532,11.1702
,58,1.62857,203,31,20,0,0,31,20,16.4894,10.6383,0,0,16.4894,10.6383
,58,1.62857,203.667,33,20,0,0,33,20,17.5532,10.6383,0,0,17.5532,10.6383
,58,1.62857,204.333,33,20,0,0,33,20,17.5532,10.6383,0,0,17.5532,10.6383
,58,1.62857,205,33,20,0,0,33,20,17.5532,10.6383,0,0,17.5532,10.6383
,59,1.65714,206,30,20,0,0,30,20,15.9574,10.6383,0,0,15.9574,10.6383
,59,1.65714,207,31,20,0,0,31,20,16.4894,10.6383,0,0,16.4894,10.6383
,59,1.65714,208,32,20,0,0,32,20,17.0213,10.6383,0,0,17.0213,10.6383
,59,1.65714,209,30,19,0,0,30,19,15.9574,10.1064,0,0,15.9574,10.1064
,60,1.68571,210,30,19,0,0,30,19,15.9574,10.1064,0,0,15.9574,10.1064
,60,1.68571,210.667,31,20,0,0,31,20,16.4894,10.6383,0,0,16.4894,10.6383
,60,1.68571,211.333,31,20,0,0,31,20,16.4894,10.6383,0,0,16.4894,10.6383
,60,1.68571,212,32,20,0,0,32,20,17.0213,10.6383,0,0,17.0213,10.6383
,61,1.71429,213,31,19,0,0,31,19,16.4894,10.1064,0,0,16.4894,10.1064
,61,1.71429,214,31,19,0,0,31,19,16.4894,10.1064,0,0,16.4894,10.1064
,61,1.71429,215,34,21,0,0,34,21,18.0851,11.1702,0,0,18.0851,11.1702
,61,1.71429,216,34,21,0,0,34,21,18.0851,11.1702,0,0,18.0851,11.1702
,62,1.74286,217,37,22,0,0,37,22,19.6809,11.7021,0,0,19.6809,11.7021
,62,1.74286,217.667,41,25,0,0,41,25,21.8085,13.2979,0,0,21.8085,13.2979
,62,1.74286,218.333,41,25,0,0,41,25,21.8085,13.2979,0,0,21.8085,13.2979
,62,1.74286,219,53,29,0,0,53,29,28.1915,15.4255,0,0,28.1915,15.4255
,63,1.77143,220,66,40,0,0,66,40,35.1064,21.2766,0,0,35.1064,21.2766
,63,1.77143,221,79,49,0,0,79,49,42.0213,26.0638,0,0,42.0213,26.0638
,63,1.77143,222,91,60,0,0,91,60,48.4043,31.9149,0,0,48.4043,31.9149
,63,1.77143,223,92,63,0,0,92,63,48.9362,33.5106,0,0,48.9362,33.5106
,64,1.8,224,92,62,0,0,92,62,48.9362,32.9787,0,0,48.9362,32.9787
,64,1.8,224.667,94,58,0,0,94,58,50,30.8511,0,0,50,30.8511
,64,1.8,225.333,94,58,0,0,94,58,50,30.8511,0,0,50,30.8511
,64,1.8,226,90,55,0,0,90,55,47.8723,29.2553,0,0,47.8723,29.2553
,65,1.82857,227,88,46,0,0,88,46,46.8085,24.4681,0,0,46.8085,24.4681
,65,1.82857,228,75,40,0,0,75,40,39.8936,21.2766,0,0,39.8936,21.2766
,65,1.82857,229,71,35,0,0,71,35,37.766,18.617,0,0,37.766,18.617
,65,1.82857,230,63,32,0,0,63,32,33.5106,17.0213,0,0,33.5106,17.0213
,66,1.85714,231,62,29,0,0,62,29,32.9787,15.4255,0,0,32.9787,15.4255
,66,1.85714,231.667,60,25,0,0,60,25,31.9149,13.2979,0,0,31.9149,13.2979
,66,1.85714,232.333,60,25,0,0,60,25,31.9149,13.2979,0,0,31.9149,13.2979
,66,1.85714,233,53,24,0,0,53,24,28.1915,12.766,0,0,28.1915,12.766
,67,1.88571,234,52,27,0,0,52,27,27.6596,14.3617,0,0,27.6596,14.3617
,67,1.88571,235,54,28,0,0,54,28,28.7234,14.8936,0,0,28.7234,14.8936
,67,1.88571,236,53,31,0,0,53,31,28.1915,16.4894,0,0,28.1915,16.4894
,67,1.88571,237,51,31,0,0,51,31,27.1277,16.4894,0,0,27.1277,16.4894
,68,1.91429,238,51,29,0,0,51,29,27.1277,15.4255,0,0,27.1277,15.4255
,68,1.91429,239,50,28,0,0,50,28,26.5957,14.8936,0,0,26.5957,14.8936
,68,1.91429,240,55,30,0,0,55,30,29.2553,15.9574,0,0,29.2553,15.9574
,68,1.91429,241,56,30,0,0,56,30,29.7872,15.9574,0,0,29.7872,15.9574
,69,1.94286,242,55,30,0,0,55,30,29.2553,15.9574,0,0,29.2553,15.9574
,69,1.94286,242.667,56,31,0,0,56,31,29.7872,16.4894,0,0,29.7872,16.4894
,69,1.94286,243.333,56,31,0,0,56,31,29.7872,16.4894,0,0,29.7872,16.4894
,69,1.94286,244,58,32,0,0,58,32,30.8511,17.0213,0,0,30.8511,17.0213
,70,1.97143,245,60,33,0,0,60,33,31.9149,17.5532,0,0,31.9149,17.5532
,70,1.97143,246,59,32,0,0,59,32,31.383,17.0213,0,0,31.383,17.0213
,70,1.97143,247,55,31,0,0,55,31,29.2553,16.4894,0,0,29.2553,16.4894
,70,1.97143,248,54,30,0,0,54,30,28.7234,15.9574,0,0,28.7234,15.9574
,71,2,249,48,27,0,0,48,27,25.5319,14.3617,0,0,25.5319,14.3617
,71,2,249.667,44,24,0,0,44,24,23.4043,12.766,0,0,23.4043,12.766
,71,2,250.333,44,24,0,0,44,24,23.4043,12.766,0,0,23.4043,12.766
,71,2,251,42,22,0,0,42,22,22.3404,11.7021,0,0,22.3404,11.7021
,72,2.02857,252,38,21,0,0,38,21,20.2128,11.1702,0,0,20.2128,11.1702
,72,2.02857,253,45,23,0,0,45,23,23.9362,12.234,0,0,23.9362,12.234
,72,2.02857,254,47,26,0,0,47,26,25,13.8298,0,0,25,13.8298
,72,2.02857,255,49,28,0,0,49,28,26.0638,14.8936,0,0,26.0638,14.8936
,73,2.05714,256,51,31,0,0,51,31,27.1277,16.4894,0,0,27.1277,16.4894
,73,2.05714,256.667,52,32,0,0,52,32,27.6596,17.0213,0,0,27.6596,17.0213
,73,2.05714,257.333,52,32,0,0,52,32,27.6596,17.0213,0,0,27.6596,17.0213
,73,2.05714,258,52,30,0,0,52,30,27.6596,15.9574,0,0,27.6596,15.9574
,74,2.08571,259,51,32,0,0,51,32,27.1277,17.0213,0,0,27.1277,17.0213
,74,2.08571,260,50,31,0,0,50,31,26.5957,16.4894,0,0,26.5957,16.4894
,74,2.08571,261,50,29,0,0,50,29,26.5957,15.4255,0,0,26.5957,15.4255
,74,2.08571,262,49,29,0,0,49,29,26.0638,15.4255,0,0,26.0638,15.4255
,75,2.11429,263,48,27,0,0,48,27,25.5319,14.3617,0,0,25.5319,14.3617
,75,2.11429,263.667,46,26,0,0,46,26,24.4681,13.8298,0,0,24.4681,13.8298
,75,2.11429,264.333,46,26,0,0,46,26,24.4681,13.8298,0,0,24.4681,13.8298
,75,2.11429,265,42,24,0,0,42,24,22.3404,12.766,0,0,22.3404,12.766
,76,2.14286,266,42,25,0,0,42,25,22.3404,13.2979,0,0,22.3404,13.2979
,76,2.14286,267,43,25,0,0,43,25,22.8723,13.2979,0,0,22.8723,13.2979
,76,2.14286,268,40,25,0,0,40,25,21.2766,13.2979,0,0,21.2766,13.2979
,76,2.14286,269,42,26,0,0,42,26,22.3404,13.8298,0,0,22.3404,13.8298
,77,2.17143,270,42,26,0,0,42,26,22.3404,13.8298,0,0,22.3404,13.8298
,77,2.17143,270.667,40,23,0,0,40,23,21.2766,12.234,0,0,21.2766,12.234
,77,2.17143,271.333,40,23,0,0,40,23,21.2766,12.234,0,0,21.2766,12.234
,77,2.17143,272,38,21,0,0,38,21,20.2128,11.1702,0,0,20.2128,11.1702
,78,2.2,273,37,22,0,0,37,22,19.6809,11.7021,0,0,19.6809,11.7021
,78,2.2,274,37,23,0,0,37,23,19.6809,12.234,0,0,19.6809,12.234
,78,2.2,275,35,22,0,0,35,22,18.617,11.7021,0,0,18.617,11.7021
,78,2.2,276,36,21,0,0,36,21,19.1489,11.1702,0,0,19.1489,11.1702
,79,2.22857,277,37,21,0,0,37,21,19.6809,11.1702,0,0,19.6809,11.1702
,79,2.22857,277.667,37,23,0,0,37,23,19.6809,12.234,0,0,19.6809,12.234
,79,2.22857,278.333,37,23,0,0,37,23,19.6809,12.234,0,0,19.6809,12.234
,79,2.22857,279,37,22,0,0,37,22,19.6809,11.7021,0,0,19.6809,11.7021
,80,2.25714,280,36,21,0,0,36,21,19.1489,11.1702,0,0,19.1489,11.1702
,80,2.25714,281,35,21,0,0,35,21,18.617,11.1702,0,0,18.617,11.1702
,80,2.25714,282,36,22,0,0,36,22,19.1489,11.7021,0,0,19.1489,11.7021
,80,2.25714,283,36,22,0,0,36,22,19.1489,11.7021,0,0,19.1489,11.7021
,81,2.28571,284,36,22,0,0,36,22,19.1489,11.7021,0,0,19.1489,11.7021
,81,2.28571,284.667,36,23,0,0,36,23,19.1489,12.234,0,0,19.1489,12.234
,81,2.28571,285.333,36,23,0,0,36,23,19.1489,12.234,0,0,19.1489,12.234
,81,2.28571,286,37,21,0,0,37,21,19.6809,11.1702,0,0,19.6809,11.1702
,82,2.31429,287,38,21,0,0,38,21,20.2128,11.1702,0,0,20.2128,11.1702
,82,2.31429,288,37,22,0,0,37,22,19.6809,11.7021,0,0,19.6809,11.7021
,82,2.31429,289,34,21,0,0,34,21,18.0851,11.1702,0,0,18.0851,11.1702
,82,2.31429,290,37,23,0,0,37,23,19.6809,12.234,0,0,19.6809,12.234
,83,2.34286,291,38,23,0,0,38,23,20.2128,12.234,0,0,20.2128,12.234
,83,2.34286,291.667,38,23,0,0,38,23,20.2128,12.234,0,0,20.2128,12.234
,83,2.34286,292.333,38,23,0,0,38,23,20.2128,12.234,0,0,20.2128,12.234
,83,2.34286,293,37,23,0,0,37,23,19.6809,12.234,0,0,19.6809,12.234
,84,2.37143,294,36,22,0,0,36,22,19.1489,11.7021,0,0,19.1489,11.7021
,84,2.37143,295,37,23,0,0,37,23,19.6809,12.234,0,0,19.6809,12.234
,84,2.37143,296,36,23,0,0,36,23,19.1489,12.234,0,0,19.1489,12.234
,84,2.37143,297,37,22,0,0,37,22,19.6809,11.7021,0,0,19.6809,11.7021
,85,2.4,298,37,21,0,0,37,21,19.6809,11.1702,0,0,19.6809,11.1702
,85,2.4,299,37,23,0,0,37,23,19.6809,12.234,0,0,19.6809,12.234
,85,2.4,300,37,22,0,0,37,22,19.6809,11.7021,0,0,19.6809,11.7021
,85,2.4,301,34,23,0,0,34,23,18.0851,12.234,0,0,18.0851,12.234
,86,2.42857,302,34,23,0,0,34,23,18.0851,12.234,0,0,18.0851,12.234
,86,2.42857,302.667,34,22,0,0,34,22,18.0851,11.7021,0,0,18.0851,11.7021
,86,2.42857,303.333,34,22,0,0,34,22,18.0851,11.7021,0,0,18.0851,11.7021
,86,2.42857,304,34,22,0,0,34,22,18.0851,11.7021,0,0,18.0851,11.7021
,87,2.45714,305,35,22,0,0,35,22,18.617,11.7021,0,0,18.617,11.7021
,87,2.45714,306,36,22,0,0,36,22,19.1489,11.7021,0,0,19.1489,11.7021
,87,2.45714,307,37,22,0,0,37,22,19.6809,11.7021,0,0,19.6809,11.7021
,87,2.45714,308,36,21,0,0,36,21,19.1489,11.1702,0,0,19.1489,11.1702
,88,2.48571,309,33,20,0,0,33,20,17.5532,10.6383,0,0,17.5532,10.6383
,88,2.48571,309.667,33,18,0,0,33,18,17.5532,9.57447,0,0,17.5532,9.57447
,88,2.48571,310.333,33,18,0,0,33,18,17.5532,9.57447,0,0,17.5532,9.57447
,88,2.48571,311,32,18,0,0,32,18,17.0213,9.57447,0,0,17.0213,9.57447
,89,2.51429,312,31,19,0,0,31,19,16.4894,10.1064,0,0,16.4894,10.1064
,89,2.51429,313,31,19,0,0,31,19,16.4894,10.1064,0,0,16.4894,10.1064
,89,2.51429,314,30,18,0,0,30,18,15.9574,9.57447,0,0,15.9574,9.57447
,89,2.51429,315,28,19,0,0,28,19,14.8936,10.1064,0,0,14.8936,10.1064
,90,2.54286,316,29,20,0,0,29,20,15.4255,10.6383,0,0,15.4255,10.6383
,90,2.54286,316.667,30,19,0,0,30,19,15.9574,10.1064,0,0,15.9574,10.1064
,90,2.54286,317.333,30,19,0,0,30,19,15.9574,10.1064,0,0,15.9574,10.1064
,90,2.54286,318,30,18,0,0,30,18,15.9574,9.57447,0,0,15.9574,9.57447
,91,2.57143,319,29,18,0,0,29,18,15.4255,9.57447,0,0,15.4255,9.57447
,91,2.57143,320,27,17,0,0,27,17,14.3617,9.04255,0,0,14.3617,9.04255
,91,2.57143,321,24,16,0,0,24,16,12.766,8.51064,0,0,12.766,8.51064
,91,2.57143,322,30,17,0,0,30,17,15.9574,9.04255,0,0,15.9574,9.04255
,92,2.6,323,31,19,0,0,31,19,16.4894,10.1064,0,0,16.4894,10.1064
,92,2.6,323.667,30,19,0,0,30,19,15.9574,10.1064,0,0,15.9574,10.1064
,92,2.6,324.333,30,19,0,0,30,19,15.9574,10.1064,0,0,15.9574,10.1064
,92,2.6,325,32,21,0,0,32,21,17.0213,11.1702,0,0,17.0213,11.1702
,93,2.62857,326,34,21,0,0,34,21,18.0851,11.1702,0,0,18.0851,11.1702
,93,2.62857,327,35,22,0,0,35,22,18.617,11.7021,0,0,18.617,11.7021
,93,2.62857,328,42,24,0,0,42,24,22.3404,12.766,0,0,22.3404,12.766
,93,2.62857,329,48,29,0,0,48,29,25.5319,15.4255,0,0,25.5319,15.4255
,94,2.65714,330,67,39,0,0,67,39,35.6383,20.7447,0,0,35.6383,20.7447
,94,2.65714,330.667,71,47,0,0,71,47,37.766,25,0,0,37.766,25
,94,2.65714,331.333,71,47,0,0,71,47,37.766,25,0,0,37.766,25
,94,2.65714,332,87,60,0,0,87,60,46.2766,31.9149,0,0,46.2766,31.9149
,95,2.68571,333,92,63,0,0,92,63,48.9362,33.5106,0,0,48.9362,33.5106
,95,2.68571,334,96,62,0,0,96,62,51.0638,32.9787,0,0,51.0638,32.9787
,95,2.68571,335,94,58,0,0,94,58,50,30.8511,0,0,50,30.8511
,95,2.68571,336,90,53,0,0,90,53,47.8723,28.1915,0,0,47.8723,28.1915
,96,2.71429,337,89,46,0,0,89,46,47.3404,24.4681,0,0,47.3404,24.4681
,96,2.71429,337.667,78,39,0,0,78,39,41.4894,20.7447,0,0,41.4894,20.7447
,96,2.71429,338.333,78,39,0,0,78,39,41.4894,20.7447,0,0,41.4894,20.7447
,96,2.71429,339,78,37,0,0,78,37,41.4894,19.6809,0,0,41.4894,19.6809
,97,2.74286,340,68,35,0,0,68,35,36.1702,18.617,0,0,36.1702,18.617
,97,2.74286,341,61,31,0,0,61,31,32.4468,16.4894,0,0,32.4468,16.4894
,97,2.74286,342,58,23,0,0,58,23,30.8511,12.234,0,0,30.8511,12.234
,97,2.74286,343,50,22,0,0,50,22,26.5957,11.7021,0,0,26.5957,11.7021
,98,2.77143,344,54,27,0,0,54,27,28.7234,14.3617,0,0,28.7234,14.3617
,98,2.77143,344.667,57,31,0,0,57,31,30.3191,16.4894,0,0,30.3191,16.4894
,98,2.77143,345.333,57,31,0,0,57,31,30.3191,16.4894,0,0,30.3191,16.4894
,98,2.77143,346,56,29,0,0,56,29,29.7872,15.4255,0,0,29.7872,15.4255
,99,2.8,347,49,26,0,0,49,26,26.0638,13.8298,0,0,26.0638,13.8298
,99,2.8,348,50,27,0,0,50,27,26.5957,14.3617,0,0,26.5957,14.3617
,99,2.8,349,54,31,0,0,54,31,28.7234,16.4894,0,0,28.7234,16.4894
,99,2.8,350,55,30,0,0,55,30,29.2553,15.9574,0,0,29.2553,15.9574
,100,2.82857,351,56,31,0,0,56,31,29.7872,16.4894,0,0,29.7872,16.4894
,100,2.82857,351.667,57,33,0,0,57,33,30.3191,17.5532,0,0,30.3191,17.5532
,100,2.82857,352.333,57,33,0,0,57,33,30.3191,17.5532,0,0,30.3191,17.5532
,100,2.82857,353,56,32,0,0,56,32,29.7872,17.0213,0,0,29.7872,17.0213
,101,2.85714,354,54,30,0,0,54,30,28.7234,15.9574,0,0,28.7234,15.9574
,101,2.85714,355,51,27,0,0,51,27,27.1277,14.3617,0,0,27.1277,14.3617
,101,2.85714,356,55,31,0,0,55,31,29.2553,16.4894,0,0,29.2553,16.4894
,101,2.85714,357,55,32,0,0,55,32,29.2553,17.0213,0,0,29.2553,17.0213
,102,2.88571,358,51,28,0,0,51,28,27.1277,14.8936,0,0,27.1277,14.8936
,102,2.88571,359,50,27,0,0,50,27,26.5957,14.3617,0,0,26.5957,14.3617
,102,2.88571,360,45,24,0,0,45,24,23.9362,12.766,0,0,23.9362,12.766
,102,2.88571,361,42,20,0,0,42,20,22.3404,10.6383,0,0,22.3404,10.6383
,103,2.91429,362,36,19,0,0,36,19,19.1489,10.1064,0,0,19.1489,10.1064
,103,2.91429,362.667,38,20,0,0,38,20,20.2128,10.6383,0,0,20.2128,10.6383
,103,2.91429,363.333,38,20,0,0,38,20,20.2128,10.6383,0,0,20.2128,10.6383
,103,2.91429,364,40,22,0,0,40,22,21.2766,11.7021,0,0,21.2766,11.7021
,104,2.94286,365,47,27,0,0,47,27,25,14.3617,0,0,25,14.3617
,104,2.94286,366,47,28,0,0,47,28,25,14.8936,0,0,25,14.8936
,104,2.94286,367,48,28,0,0,48,28,25.5319,14.8936,0,0,25.5319,14.8936
,104,2.94286,368,49,29,0,0,49,29,26.0638,15.4255,0,0,26.0638,15.4255
,105,2.97143,369,49,27,0,0,49,27,26.0638,14.3617,0,0,26.0638,14.3617
,105,2.97143,369.667,49,28,0,0,49,28,26.0638,14.8936,0,0,26.0638,14.8936
,105,2.97143,370.333,49,28,0,0,49,28,26.0638,14.8936,0,0,26.0638,14.8936
,105,2.97143,371,49,28,0,0,49,28,26.0638,14.8936,0,0,26.0638,14.8936
,106,3,372,47,29,0,0,47,29,25,15.4255,0,0,25,15.4255
,106,3,373,46,26,0,0,46,26,24.4681,13.8298,0,0,24.4681,13.8298
,106,3,374,46,25,0,0,46,25,24.4681,13.2979,0,0,24.4681,13.2979
,106,3,375,45,23,0,0,45,23,23.9362,12.234,0,0,23.9362,12.234
,107,3.02857,376,43,24,0,0,43,24,22.8723,12.766,0,0,22.8723,12.766
,107,3.02857,376.667,42,25,0,0,42,25,22.3404,13.2979,0,0,22.3404,13.2979
,107,3.02857,377.333,42,25,0,0,42,25,22.3404,13.2979,0,0,22.3404,13.2979
,107,3.02857,378,41,24,0,0,41,24,21.8085,12.766,0,0,21.8085,12.766
,108,3.05714,379,40,23,0,0,40,23,21.2766,12.234,0,0,21.2766,12.234
,108,3.05714,380,40,24,0,0,40,24,21.2766,12.766,0,0,21.2766,12.766
,108,3.05714,381,39,25,0,0,39,25,20.7447,13.2979,0,0,20.7447,13.2979
,108,3.05714,382,38,24,0,0,38,24,20.2128,12.766,0,0,20.2128,12.766
,109,3.08571,383,35,22,0,0,35,22,18.617,11.7021,0,0,18.617,11.7021
,109,3.08571,383.667,36,21,0,0,36,21,19.1489,11.1702,0,0,19.1489,11.1702
,109,3.08571,384.333,36,21,0,0,36,21,19.1489,11.1702,0,0,19.1489,11.1702
,109,3.08571,385,37,22,0,0,37,22,19.6809,11.7021,0,0,19.6809,11.7021
,110,3.11429,386,35,21,0,0,35,21,18.617,11.1702,0,0,18.617,11.1702
,110,3.11429,387,35,22,0,0,35,22,18.617,11.7021,0,0,18.617,11.7021
,110,3.11429,388,35,22,0,0,35,22,18.617,11.7021,0,0,18.617,11.7021
,110,3.11429,389,35,22,0,0,35,22,18.617,11.7021,0,0,18.617,11.7021
,111,3.14286,390,33,21,0,0,33,21,17.5532,11.1702,0,0,17.5532,11.1702
,111,3.14286,390.667,33,21,0,0,33,21,17.5532,11.1702,0,0,17.5532,11.1702
,111,3.14286,391.333,33,21,0,0,33,21,17.5532,11.1702,0,0,17.5532,11.1702
,111,3.14286,392,34,20,0,0,34,20,18.0851,10.6383,0,0,18.0851,10.6383
,112,3.17143,393,35,21,0,0,35,21,18.617,11.1702,0,0,18.617,11.1702
,112,3.17143,394,36,21,0,0,36,21,19.1489,11.1702,0,0,19.1489,11.1702
,112,3.17143,395,35,21,0,0,35,21,18.617,11.1702,0,0,18.617,11.1702
,112,3.17143,396,36,23,0,0,36,23,19.1489,12.234,0,0,19.1489,12.234
,113,3.2,397,35,22,0,0,35,22,18.617,11.7021,0,0,18.617,11.7021
,113,3.2,397.667,35,21,0,0,35,21,18.617,11.1702,0,0,18.617,11.1702
,113,3.2,398.333,35,21,0,0,35,21,18.617,11.1702,0,0,18.617,11.1702
,113,3.2,399,35,22,0,0,35,22,18.617,11.7021,0,0,18.617,11.7021
,114,3.22857,400,35,22,0,0,35,22,18.617,11.7021,0,0,18.617,11.7021
,114,3.22857,401,35,22,0,0,35,22,18.617,11.7021,0,0,18.617,11.7021
,114,3.22857,402,35,22,0,0,35,22,18.617,11.7021,0,0,18.617,11.7021
,114,3.22857,403,37,23,0,0,37,23,19.6809,12.234,0,0,19.6809,12.234
,115,3.25714,404,37,24,0,0,37,24,19.6809,12.766,0,0,19.6809,12.766
,115,3.25714,404.667,36,23,0,0,36,23,19.1489,12.234,0,0,19.1489,12.234
,115,3.25714,405.333,36,23,0,0,36,23,19.1489,12.234,0,0,19.1489,12.234
,115,3.25714,406,36,23,0,0,36,23,19.1489,12.234,0,0,19.1489,12.234
,116,3.28571,407,36,22,0,0,36,22,19.1489,11.7021,0,0,19.1489,11.7021
,116,3.28571,408,36,22,0,0,36,22,19.1489,11.7021,0,0,19.1489,11.7021
,116,3.28571,409,36,22,0,0,36,22,19.1489,11.7021,0,0,19.1489,11.7021
,116,3.28571,410,34,22,0,0,34,22,18.0851,11.7021,0,0,18.0851,11.7021
,117,3.31429,411,33,24,0,0,33,24,17.5532,12.766,0,0,17.5532,12.766
,117,3.31429,411.667,33,21,0,0,33,21,17.5532,11.1702,0,0,17.5532,11.1702
,117,3.31429,412.333,33,21,0,0,33,21,17.5532,11.1702,0,0,17.5532,11.1702
,117,3.31429,413,34,21,0,0,34,21,18.0851,11.1702,0,0,18.0851,11.1702
,118,3.34286,414,34,21,0,0,34,21,18.0851,11.1702,0,0,18.0851,11.1702
,118,3.34286,415,33,21,0,0,33,21,17.5532,11.1702,0,0,17.5532,11.1702
,118,3.34286,416,32,21,0,0,32,21,17.0213,11.1702,0,0,17.0213,11.1702
,118,3.34286,417,32,21,0,0,32,21,17.0213,11.1702,0,0,17.0213,11.1702
,119,3.37143,418,33,21,0,0,33,21,17.5532,11.1702,0,0,17.5532,11.1702
,119,3.37143,419,33,21,0,0,33,21,17.5532,11.1702,0,0,17.5532,11.1702
,119,3.37143,420,33,21,0,0,33,21,17.5532,11.1702,0,0,17.5532,11.1702
,119,3.37143,421,33,22,0,0,33,22,17.5532,11.7021,0,0,17.5532,11.7021
,120,3.4,422,32,20,0,0,32,20,17.0213,10.6383,0,0,17.0213,10.6383
,120,3.4,422.667,31,19,0,0,31,19,16.4894,10.1064,0,0,16.4894,10.1064
,120,3.4,423.333,31,19,0,0,31,19,16.4894,10.1064,0,0,16.4894,10.1064
,120,3.4,424,31,19,0,0,31,19,16.4894,10.1064,0,0,16.4894,10.1064
,121,3.42857,425,31,19,0,0,31,19,16.4894,10.1064,0,0,16.4894,10.1064
,121,3.42857,426,32,20,0,0,32,20,17.0213,10.6383,0,0,17.0213,10.6383
,121,3.42857,427,33,20,0,0,33,20,17.5532,10.6383,0,0,17.5532,10.6383
,121,3.42857,428,32,19,0,0,32,19,17.0213,10.1064,0,0,17.0213,10.1064
,122,3.45714,429,31,18,0,0,31,18,16.4894,9.57447,0,0,16.4894,9.57447
,122,3.45714,429.667,31,18,0,0,31,18,16.4894,9.57447,0,0,16.4894,9.57447
,122,3.45714,430.333,31,18,0,0,31,18,16.4894,9.57447,0,0,16.4894,9.57447
,122,3.45714,431,31,19,0,0,31,19,16.4894,10.1064,0,0,16.4894,10.1064
,123,3.48571,432,31,20,0,0,31,20,16.4894,10.6383,0,0,16.4894,10.6383
,123,3.48571,433,28,17,0,0,28,17,14.8936,9.04255,0,0,14.8936,9.04255
,123,3.48571,434,27,17,0,0,27,17,14.3617,9.04255,0,0,14.3617,9.04255
,123,3.48571,435,28,17,0,0,28,17,14.8936,9.04255,0,0,14.8936,9.04255
,124,3.51429,436,29,18,0,0,29,18,15.4255,9.57447,0,0,15.4255,9.57447
,124,3.51429,436.667,29,18,0,0,29,18,15.4255,9.57447,0,0,15.4255,9.57447
,124,3.51429,437.333,29,18,0,0,29,18,15.4255,9.57447,0,0,15.4255,9.57447
,124,3.51429,438,28,17,0,0,28,17,14.8936,9.04255,0,0,14.8936,9.04255
,125,3.54286,439,27,17,0,0,27,17,14.3617,9.04255,0,0,14.3617,9.04255
,125,3.54286,440,27,17,0,0,27,17,14.3617,9.04255,0,0,14.3617,9.04255
,125,3.54286,441,28,18,0,0,28,18,14.8936,9.57447,0,0,14.8936,9.57447
,125,3.54286,442,27,18,0,0,27,18,14.3617,9.57447,0,0,14.3617,9.57447
,126,3.57143,443,27,17,0,0,27,17,14.3617,9.04255,0,0,14.3617,9.04255
,126,3.57143,443.667,27,17,0,0,27,17,14.3617,9.04255,0,0,14.3617,9.04255
,126,3.57143,444.333,27,17,0,0,27,17,14.3617,9.04255,0,0,14.3617,9.04255
,126,3.57143,445,29,18,0,0,29,18,15.4255,9.57447,0,0,15.4255,9.57447
,127,3.6,446,30,19,0,0,30,19,15.9574,10.1064,0,0,15.9574,10.1064
,127,3.6,447,29,20,0,0,29,20,15.4255,10.6383,0,0,15.4255,10.6383
,127,3.6,448,29,21,0,0,29,21,15.4255,11.1702,0,0,15.4255,11.1702
,127,3.6,449,30,20,0,0,30,20,15.9574,10.6383,0,0,15.9574,10.6383
,128,3.62857,450,31,19,0,0,31,19,16.4894,10.1064,0,0,16.4894,10.1064
,128,3.62857,450.667,32,19,0,0,32,19,17.0213,10.1064,0,0,17.0213,10.1064
,128,3.62857,451.333,32,19,0,0,32,19,17.0213,10.1064,0,0,17.0213,10.1064
,128,3.62857,452,37,22,0,0,37,22,19.6809,11.7021,0,0,19.6809,11.7021
,129,3.65714,453,55,30,0,0,55,30,29.2553,15.9574,0,0,29.2553,15.9574
,129,3.65714,454,69,39,0,0,69,39,36.7021,20.7447,0,0,36.7021,20.7447
,129,3.65714,455,75,48,0,0,75,48,39.8936,25.5319,0,0,39.8936,25.5319
,129,3.65714,456,89,58,0,0,89,58,47.3404,30.8511,0,0,47.3404,30.8511
,130,3.68571,457,97,63,0,0,97,63,51.5957,33.5106,0,0,51.5957,33.5106
,130,3.68571,457.667,97,61,0,0,97,61,51.5957,32.4468,0,0,51.5957,32.4468
,130,3.68571,458.333,97,61,0,0,97,61,51.5957,32.4468,0,0,51.5957,32.4468
,130,3.68571,459,94,60,0,0,94,60,50,31.9149,0,0,50,31.9149
,131,3.71429,460,91,56,0,0,91,56,48.4043,29.7872,0,0,48.4043,29.7872
,131,3.71429,461,85,45,0,0,85,45,45.2128,23.9362,0,0,45.2128,23.9362
,131,3.71429,462,71,36,0,0,71,36,37.766,19.1489,0,0,37.766,19.1489
,131,3.71429,463,66,27,0,0,66,27,35.1064,14.3617,0,0,35.1064,14.3617
,132,3.74286,464,50,23,0,0,50,23,26.5957,12.234,0,0,26.5957,12.234
,132,3.74286,464.667,50,20,0,0,50,20,26.5957,10.6383,0,0,26.5957,10.6383
,132,3.74286,465.333,50,20,0,0,50,20,26.5957,10.6383,0,0,26.5957,10.6383
,132,3.74286,466,54,25,0,0,54,25,28.7234,13.2979,0,0,28.7234,13.2979
,133,3.77143,467,52,26,0,0,52,26,27.6596,13.8298,0,0,27.6596,13.8298
,133,3.77143,468,52,27,0,0,52,27,27.6596,14.3617,0,0,27.6596,14.3617
,133,3.77143,469,51,25,0,0,51,25,27.1277,13.2979,0,0,27.1277,13.2979
,133,3.77143,470,46,22,0,0,46,22,24.4681,11.7021,0,0,24.4681,11.7021
,134,3.8,471,47,23,0,0,47,23,25,12.234,0,0,25,12.234
,134,3.8,471.667,49,31,0,0,49,31,26.0638,16.4894,0,0,26.0638,16.4894
,134,3.8,472.333,49,31,0,0,49,31,26.0638,16.4894,0,0,26.0638,16.4894
,134,3.8,473,48,29,0,0,48,29,25.5319,15.4255,0,0,25.5319,15.4255
,135,3.82857,474,45,29,0,0,45,29,23.9362,15.4255,0,0,23.9362,15.4255
,135,3.82857,475,47,30,0,0,47,30,25,15.9574,0,0,25,15.9574
,135,3.82857,476,54,32,0,0,54,32,28.7234,17.0213,0,0,28.7234,17.0213
,135,3.82857,477,54,31,0,0,54,31,28.7234,16.4894,0,0,28.7234,16.4894
,136,3.85714,478,55,31,0,0,55,31,29.2553,16.4894,0,0,29.2553,16.4894
,136,3.85714,479,54,33,0,0,54,33,28.7234,17.5532,0,0,28.7234,17.5532
,136,3.85714,480,54,33,0,0,54,33,28.7234,17.5532,0,0,28.7234,17.5532
,136,3.85714,481,53,32,0,0,53,32,28.1915,17.0213,0,0,28.1915,17.0213
,137,3.88571,482,47,29,0,0,47,29,25,15.4255,0,0,25,15.4255
,137,3.88571,482.667,44,26,0,0,44,26,23.4043,13.8298,0,0,23.4043,13.8298
,137,3.88571,483.333,44,26,0,0,44,26,23.4043,13.8298,0,0,23.4043,13.8298
,137,3.88571,484,41,24,0,0,41,24,21.8085,12.766,0,0,21.8085,12.766
,138,3.91429,485,36,20,0,0,36,20,19.1489,10.6383,0,0,19.1489,10.6383
,138,3.91429,486,34,19,0,0,34,19,18.0851,10.1064,0,0,18.0851,10.1064
,138,3.91429,487,39,22,0,0,39,22,20.7447,11.7021,0,0,20.7447,11.7021
,138,3.91429,488,43,24,0,0,43,24,22.8723,12.766,0,0,22.8723,12.766
,139,3.94286,489,44,25,0,0,44,25,23.4043,13.2979,0,0,23.4043,13.2979
,139,3.94286,489.667,49,27,0,0,49,27,26.0638,14.3617,0,0,26.0638,14.3617
,139,3.94286,490.333,49,27,0,0,49,27,26.0638,14.3617,0,0,26.0638,14.3617
,139,3.94286,491,49,29,0,0,49,29,26.0638,15.4255,0,0,26.0638,15.4255
,140,3.97143,492,48,29,0,0,48,29,25.5319,15.4255,0,0,25.5319,15.4255
,140,3.97143,493,45,29,0,0,45,29,23.9362,15.4255,0,0,23.9362,15.4255
,140,3.97143,494,46,29,0,0,46,29,24.4681,15.4255,0,0,24.4681,15.4255
,140,3.97143,495,45,27,0,0,45,27,23.9362,14.3617,0,0,23.9362,14.3617
,141,4,496,45,24,0,0,45,24,23.9362,12.766,0,0,23.9362,12.766
,141,4,496.667,44,24,0,0,44,24,23.4043,12.766,0,0,23.4043,12.766
,141,4,497.333,44,24,0,0,44,24,23.4043,12.766,0,0,23.4043,12.766
,141,4,498,40,24,0,0,40,24,21.2766,12.766,0,0,21.2766,12.766
,142,4.02857,499,41,26,0,0,41,26,21.8085,13.8298,0,0,21.8085,13.8298
,142,4.02857,500,40,24,0,0,40,24,21.2766,12.766,0,0,21.2766,12.766
,142,4.02857,501,39,24,0,0,39,24,20.7447,12.766,0,0,20.7447,12.766
,142,4.02857,502,38,25,0,0,38,25,20.2128,13.2979,0,0,20.2128,13.2979
,143,4.05714,503,35,22,0,0,35,22,18.617,11.7021,0,0,18.617,11.7021
,143,4.05714,503.667,35,22,0,0,35,22,18.617,11.7021,0,0,18.617,11.7021
,143,4.05714,504.333,35,22,0,0,35,22,18.617,11.7021,0,0,18.617,11.7021
,143,4.05714,505,36,23,0,0,36,23,19.1489,12.234,0,0,19.1489,12.234
,144,4.08571,506,31,19,0,0,31,19,16.4894,10.1064,0,0,16.4894,10.1064
,144,4.08571,507,32,18,0,0,32,18,17.0213,9.57447,0,0,17.0213,9.57447
,144,4.08571,508,33,19,0,0,33,19,17.5532,10.1064,0,0,17.5532,10.1064
,144,4.08571,509,33,20,0,0,33,20,17.5532,10.6383,0,0,17.5532,10.6383
,145,4.11429,510,30,19,0,0,30,19,15.9574,10.1064,0,0,15.9574,10.1064
,145,4.11429,510.667,31,20,0,0,31,20,16.4894,10.6383,0,0,16.4894,10.6383
,145,4.11429,511.333,31,20,0,0,31,20,16.4894,10.6383,0,0,16.4894,10.6383
,145,4.11429,512,32,20,0,0,32,20,17.0213,10.6383,0,0,17.0213,10.6383
,146,4.14286,513,32,20,0,0,32,20,17.0213,10.6383,0,0,17.0213,10.6383
,146,4.14286,514,33,21,0,0,33,21,17.5532,11.1702,0,0,17.5532,11.1702
,146,4.14286,515,31,20,0,0,31,20,16.4894,10.6383,0,0,16.4894,10.6383
,146,4.14286,516,31,19,0,0,31,19,16.4894,10.1064,0,0,16.4894,10.1064
,147,4.17143,517,33,19,0,0,33,19,17.5532,10.1064,0,0,17.5532,10.1064
,147,4.17143,517.667,33,21,0,0,33,21,17.5532,11.1702,0,0,17.5532,11.1702
,147,4.17143,518.333,33,21,0,0,33,21,17.5532,11.1702,0,0,17.5532,11.1702
,147,4.17143,519,34,21,0,0,34,21,18.0851,11.1702,0,0,18.0851,11.1702
,148,4.2,520,33,20,0,0,33,20,17.5532,10.6383,0,0,17.5532,10.6383
,148,4.2,521,34,22,0,0,34,22,18.0851,11.7021,0,0,18.0851,11.7021
,148,4.2,522,34,22,0,0,34,22,18.0851,11.7021,0,0,18.0851,11.7021
,148,4.2,523,35,22,0,0,35,22,18.617,11.7021,0,0,18.617,11.7021
,149,4.22857,524,34,21,0,0,34,21,18.0851,11.1702,0,0,18.0851,11.1702
,149,4.22857,524.667,33,21,0,0,33,21,17.5532,11.1702,0,0,17.5532,11.1702
,149,4.22857,525.333,33,21,0,0,33,21,17.5532,11.1702,0,0,17.5532,11.1702
,149,4.22857,526,34,22,0,0,34,22,18.0851,11.7021,0,0,18.0851,11.7021
,150,4.25714,527,32,20,0,0,32,20,17.0213,10.6383,0,0,17.0213,10.6383
,150,4.25714,528,31,18,0,0,31,18,16.4894,9.57447,0,0,16.4894,9.57447
,150,4.25714,529,33,20,0,0,33,20,17.5532,10.6383,0,0,17.5532,10.6383
,150,4.25714,530,34,22,0,0,34,22,18.0851,11.7021,0,0,18.0851,11.7021
,151,4.28571,531,33,21,0,0,33,21,17.5532,11.1702,0,0,17.5532,11.1702
,151,4.28571,531.667,33,21,0,0,33,21,17.5532,11.1702,0,0,17.5532,11.1702
,151,4.28571,532.333,33,21,0,0,33,21,17.5532,11.1702,0,0,17.5532,11.1702
,151,4.28571,533,32,20,0,0,32,20,17.0213,10.6383,0,0,17.0213,10.6383
,152,4.31429,534,32,19,0,0,32,19,17.0213,10.1064,0,0,17.0213,10.1064
,152,4.31429,535,34,20,0,0,34,20,18.0851,10.6383,0,0,18.0851,10.6383
,152,4.31429,536,34,22,0,0,34,22,18.0851,11.7021,0,0,18.0851,11.7021
,152,4.31429,537,33,21,0,0,33,21,17.5532,11.1702,0,0,17.5532,11.1702
,153,4.34286,538,34,19,0,0,34,19,18.0851,10.1064,0,0,18.0851,10.1064
,153,4.34286,539,33,18,0,0,33,18,17.5532,9.57447,0,0,17.5532,9.57447
,153,4.34286,540,33,20,0,0,33,20,17.5532,10.6383,0,0,17.5532,10.6383
,153,4.34286,541,32,19,0,0,32,19,17.0213,10.1064,0,0,17.0213,10.1064
,154,4.37143,542,30,18,0,0,30,18,15.9574,9.57447,0,0,15.9574,9.57447
,154,4.37143,542.667,29,18,0,0,29,18,15.4255,9.57447,0,0,15.4255,9.57447
,154,4.37143,543.333,29,18,0,0,29,18,15.4255,9.57447,0,0,15.4255,9.57447
,154,4.37143,544,29,19,0,0,29,19,15.4255,10.1064,0,0,15.4255,10.1064
,155,4.4,545,29,20,0,0,29,20,15.4255,10.6383,0,0,15.4255,10.6383
,155,4.4,546,29,20,0,0,29,20,15.4255,10.6383,0,0,15.4255,10.6383
,155,4.4,547,29,18,0,0,29,18,15.4255,9.57447,0,0,15.4255,9.57447
,155,4.4,548,29,17,0,0,29,17,15.4255,9.04255,0,0,15.4255,9.04255
,156,4.42857,549,28,16,0,0,28,16,14.8936,8.51064,0,0,14.8936,8.51064
,156,4.42857,549.667,25,16,0,0,25,16,13.2979,8.51064,0,0,13.2979,8.51064
,156,4.42857,550.333,25,16,0,0,25,16,13.2979,8.51064,0,0,13.2979,8.51064
,156,4.42857,551,26,16,0,0,26,16,13.8298,8.51064,0,0,13.8298,8.51064
,157,4.45714,552,26,16,0,0,26,16,13.8298,8.51064,0,0,13.8298,8.51064
,157,4.45714,553,26,17,0,0,26,17,13.8298,9.04255,0,0,13.8298,9.04255
,157,4.45714,554,26,17,0,0,26,17,13.8298,9.04255,0,0,13.8298,9.04255
,157,4.45714,555,26,16,0,0,26,16,13.8298,8.51064,0,0,13.8298,8.51064
,158,4.48571,556,27,16,0,0,27,16,14.3617,8.51064,0,0,14.3617,8.51064
,158,4.48571,556.667,28,17,0,0,28,17,14.8936,9.04255,0,0,14.8936,9.04255
,158,4.48571,557.333,28,17,0,0,28,17,14.8936,9.04255,0,0,14.8936,9.04255
,158,4.48571,558,28,18,0,0,28,18,14.8936,9.57447,0,0,14.8936,9.57447
,159,4.51429,559,28,17,0,0,28,17,14.8936,9.04255,0,0,14.8936,9.04255
,159,4.51429,560,28,17,0,0,28,17,14.8936,9.04255,0,0,14.8936,9.04255
,159,4.51429,561,29,19,0,0,29,19,15.4255,10.1064,0,0,15.4255,10.1064
,159,4.51429,562,34,21,0,0,34,21,18.0851,11.1702,0,0,18.0851,11.1702
,160,4.54286,563,44,25,0,0,44,25,23.4043,13.2979,0,0,23.4043,13.2979
,160,4.54286,563.667,52,31,0,0,52,31,27.6596,16.4894,0,0,27.6596,16.4894
,160,4.54286,564.333,52,31,0,0,52,31,27.6596,16.4894,0,0,27.6596,16.4894
,160,4.54286,565,56,34,0,0,56,34,29.7872,18.0851,0,0,29.7872,18.0851
,161,4.57143,566,69,43,0,0,69,43,36.7021,22.8723,0,0,36.7021,22.8723
,161,4.57143,567,75,51,0,0,75,51,39.8936,27.1277,0,0,39.8936,27.1277
,161,4.57143,568,75,49,0,0,75,49,39.8936,26.0638,0,0,39.8936,26.0638
,161,4.57143,569,83,49,0,0,83,49,44.1489,26.0638,0,0,44.1489,26.0638
,162,4.6,570,82,48,0,0,82,48,43.617,25.5319,0,0,43.617,25.5319
,162,4.6,570.667,79,47,0,0,79,47,42.0213,25,0,0,42.0213,25
,162,4.6,571.333,79,47,0,0,79,47,42.0213,25,0,0,42.0213,25
,162,4.6,572,74,45,0,0,74,45,39.3617,23.9362,0,0,39.3617,23.9362
,163,4.62857,573,66,38,0,0,66,38,35.1064,20.2128,0,0,35.1064,20.2128
,163,4.62857,574,61,32,0,0,61,32,32.4468,17.0213,0,0,32.4468,17.0213
,163,4.62857,575,57,31,0,0,57,31,30.3191,16.4894,0,0,30.3191,16.4894
,163,4.62857,576,51,25,0,0,51,25,27.1277,13.2979,0,0,27.1277,13.2979
,164,4.65714,577,47,23,0,0,47,23,25,12.234,0,0,25,12.234
,164,4.65714,577.667,45,22,0,0,45,22,23.9362,11.7021,0,0,23.9362,11.7021
,164,4.65714,578.333,45,22,0,0,45,22,23.9362,11.7021,0,0,23.9362,11.7021
,164,4.65714,579,43,21,0,0,43,21,22.8723,11.1702,0,0,22.8723,11.1702
,165,4.68571,580,45,23,0,0,45,23,23.9362,12.234,0,0,23.9362,12.234
,165,4.68571,581,44,22,0,0,44,22,23.4043,11.7021,0,0,23.4043,11.7021
,165,4.68571,582,39,21,0,0,39,21,20.7447,11.1702,0,0,20.7447,11.1702
,165,4.68571,583,40,22,0,0,40,22,21.2766,11.7021,0,0,21.2766,11.7021
,166,4.71429,584,40,24,0,0,40,24,21.2766,12.766,0,0,21.2766,12.766
,166,4.71429,584.667,40,24,0,0,40,24,21.2766,12.766,0,0,21.2766,12.766
,166,4.71429,585.333,40,24,0,0,40,24,21.2766,12.766,0,0,21.2766,12.766
,166,4.71429,586,41,24,0,0,41,24,21.8085,12.766,0,0,21.8085,12.766
,167,4.74286,587,43,25,0,0,43,25,22.8723,13.2979,0,0,22.8723,13.2979
,167,4.74286,588,43,26,0,0,43,26,22.8723,13.8298,0,0,22.8723,13.8298
,167,4.74286,589,45,26,0,0,45,26,23.9362,13.8298,0,0,23.9362,13.8298
,167,4.74286,590,46,25,0,0,46,25,24.4681,13.2979,0,0,24.4681,13.2979
,168,4.77143,587,45,26,0,0,45,26,23.9362,13.8298,0,0,23.9362,13.8298
,168,4.77143,588,46,25,0,0,46,25,24.4681,13.2979,0,0,24.4681,13.2979
,168,4.77143,589,44,24,0,0,44,24,23.4043,12.766,0,0,23.4043,12.766
,168,4.77143,591,98,25,-18,-20,78,7,52.1277,13.2979,-9.57447,-10.6383,41.4894,3.7234
,169,4.8,587,40,22,0,0,40,22,21.2766,11.7021,0,0,21.2766,11.7021
,169,4.8,588,37,21,0,0,37,21,19.6809,11.1702,0,0,19.6809,11.1702
,169,4.8,589,30,19,0,0,30,19,15.9574,10.1064,0,0,15.9574,10.1064
,169,4.8,591,98,21,-18,-20,78,3,52.1277,11.1702,-9.57447,-10.6383,41.4894,1.59574
,170,4.82857,587,31,18,0,0,31,18,16.4894,9.57447,0,0,16.4894,9.57447
,170,4.82857,588,38,21,0,0,38,21,20.2128,11.1702,0,0,20.2128,11.1702
,170,4.82857,589,43,25,0,0,43,25,22.8723,13.2979,0,0,22.8723,13.2979
,170,4.82857,591,98,30,-18,-20,78,12,52.1277,15.9574,-9.57447,-10.6383,41.4894,6.38298
,171,4.85714,587,45,28,0,0,45,28,23.9362,14.8936,0,0,23.9362,14.8936
,171,4.85714,588,45,27,0,0,45,27,23.9362,14.3617,0,0,23.9362,14.3617
,171,4.85714,589,44,26,0,0,44,26,23.4043,13.8298,0,0,23.4043,13.8298
,171,4.85714,591,98,28,-18,-20,78,10,52.1277,14.8936,-9.57447,-10.6383,41.4894,5.31915
,172,4.88571,587,45,28,0,0,45,28,23.9362,14.8936,0,0,23.9362,14.8936
,172,4.88571,588,43,25,0,0,43,25,22.8723,13.2979,0,0,22.8723,13.2979
,172,4.88571,589,42,24,0,0,42,24,22.3404,12.766,0,0,22.3404,12.766
,172,4.88571,591,98,28,-18,-20,78,10,52.1277,14.8936,-9.57447,-10.6383,41.4894,5.31915
,173,4.91429,587,43,25,0,0,43,25,22.8723,13.2979,0,0,22.8723,13.2979
,173,4.91429,588,41,23,0,0,41,23,21.8085,12.234,0,0,21.8085,12.234
,173,4.91429,589,39,21,0,0,39,21,20.7447,11.1702,0,0,20.7447,11.1702
,173,4.91429,591,98,25,-18,-20,78,7,52.1277,13.2979,-9.57447,-10.6383,41.4894,3.7234
,174,4.94286,587,38,21,0,0,38,21,20.2128,11.1702,0,0,20.2128,11.1702
,174,4.94286,588,38,22,0,0,38,22,20.2128,11.7021,0,0,20.2128,11.7021
,174,4.94286,589,36,21,0,0,36,21,19.1489,11.1702,0,0,19.1489,11.1702
,174,4.94286,591,98,23,-18,-20,78,5,52.1277,12.234,-9.57447,-10.6383,41.4894,2.65957
,175,4.97143,587,34,20,0,0,34,20,18.0851,10.6383,0,0,18.0851,10.6383
,175,4.97143,588,32,18,0,0,32,18,17.0213,9.57447,0,0,17.0213,9.57447
,175,4.97143,589,31,17,0,0,31,17,16.4894,9.04255,0,0,16.4894,9.04255
,175,4.97143,591,98,21,-18,-20,78,3,52.1277,11.1702,-9.57447,-10.6383,41.4894,1.59574
,176,5,587,30,18,0,0,30,18,15.9574,9.57447,0,0,15.9574,9.57447
,176,5,588,30,18,0,0,30,18,15.9574,9.57447,0,0,15.9574,9.57447
,176,5,589,29,17,0,0,29,17,15.4255,9.04255,0,0,15.4255,9.04255
,176,5,591,98,21,-18,-20,78,3,52.1277,11.1702,-9.57447,-10.6383,41.4894,1.59574
,177,5.02857,587,29,19,0,0,29,19,15.4255,10.1064,0,0,15.4255,10.1064
,177,5.02857,588,27,19,0,0,27,19,14.3617,10.1064,0,0,14.3617,10.1064
,177,5.02857,589,27,18,0,0,27,18,14.3617,9.57447,0,0,14.3617,9.57447
,177,5.02857,591,98,20,-18,-20,78,2,52.1277,10.6383,-9.57447,-10.6383,41.4894,1.06383
,178,5.05714,587,27,17,0,0,27,17,14.3617,9.04255,0,0,14.3617,9.04255
,178,5.05714,588,27,17,0,0,27,17,14.3617,9.04255,0,0,14.3617,9.04255
,178,5.05714,589,28,17,0,0,28,17,14.8936,9.04255,0,0,14.8936,9.04255
,178,5.05714,591,98,22,-18,-20,78,4,52.1277,11.7021,-9.57447,-10.6383,41.4894,2.12766
,179,5.08571,587,29,16,0,0,29,16,15.4255,8.51064,0,0,15.4255,8.51064
,179,5.08571,588,30,19,0,0,30,19,15.9574,10.1064,0,0,15.9574,10.1064
,179,5.08571,589,30,19,0,0,30,19,15.9574,10.1064,0,0,15.9574,10.1064
,179,5.08571,591,98,21,-18,-20,78,3,52.1277,11.1702,-9.57447,-10.6383,41.4894,1.59574
,180,5.11429,587,31,19,0,0,31,19,16.4894,10.1064,0,0,16.4894,10.1064
,180,5.11429,588,31,20,0,0,31,20,16.4894,10.6383,0,0,16.4894,10.6383
,180,5.11429,589,31,20,0,0,31,20,16.4894,10.6383,0,0,16.4894,10.6383
,180,5.11429,591,98,23,-18,-20,78,5,52.1277,12.234,-9.57447,-10.6383,41.4894,2.65957
,181,5.14286,587,31,19,0,0,31,19,16.4894,10.1064,0,0,16.4894,10.1064
,181,5.14286,588,31,20,0,0,31,20,16.4894,10.6383,0,0,16.4894,10.6383
,181,5.14286,589,31,20,0,0,31,20,16.4894,10.6383,0,0,16.4894,10.6383
,181,5.14286,591,98,22,-18,-20,78,4,52.1277,11.7021,-9.57447,-10.6383,41.4894,2.12766
,182,5.17143,587,31,19,0,0,31,19,16.4894,10.1064,0,0,16.4894,10.1064
,182,5.17143,588,30,19,0,0,30,19,15.9574,10.1064,0,0,15.9574,10.1064
,182,5.17143,589,30,19,0,0,30,19,15.9574,10.1064,0,0,15.9574,10.1064
,182,5.17143,591,98,21,-18,-20,78,3,52.1277,11.1702,-9.57447,-10.6383,41.4894,1.59574
,183,5.2,587,31,19,0,0,31,19,16.4894,10.1064,0,0,16.4894,10.1064
,183,5.2,588,30,19,0,0,30,19,15.9574,10.1064,0,0,15.9574,10.1064
,183,5.2,589,29,20,0,0,29,20,15.4255,10.6383,0,0,15.4255,10.6383
,183,5.2,591,98,21,-18,-20,78,3,52.1277,11.1702,-9.57447,-10.6383,41.4894,1.59574
,184,5.22857,587,30,18,0,0,30,18,15.9574,9.57447,0,0,15.9574,9.57447
,184,5.22857,588,29,17,0,0,29,17,15.4255,9.04255,0,0,15.4255,9.04255
,184,5.22857,589,30,17,0,0,30,17,15.9574,9.04255,0,0,15.9574,9.04255
,184,5.22857,591,98,21,-18,-20,78,3,52.1277,11.1702,-9.57447,-10.6383,41.4894,1.59574
,185,5.25714,587,30,18,0,0,30,18,15.9574,9.57447,0,0,15.9574,9.57447
,185,5.25714,588,28,18,0,0,28,18,14.8936,9.57447,0,0,14.8936,9.57447
,185,5.25714,589,26,17,0,0,26,17,13.8298,9.04255,0,0,13.8298,9.04255
,185,5.25714,591,98,20,-18,-20,78,2,52.1277,10.6383,-9.57447,-10.6383,41.4894,1.06383
,186,5.28571,587,27,17,0,0,27,17,14.3617,9.04255,0,0,14.3617,9.04255
,186,5.28571,588,27,17,0,0,27,17,14.3617,9.04255,0,0,14.3617,9.04255
,186,5.28571,589,27,18,0,0,27,18,14.3617,9.57447,0,0,14.3617,9.57447
,186,5.28571,591,98,19,-18,-20,78,1,52.1277,10.1064,-9.57447,-10.6383,41.4894,0.531915
,187,5.31429,587,25,16,0,0,25,16,13.2979,8.51064,0,0,13.2979,8.51064
,187,5.31429,588,25,15,0,0,25,15,13.2979,7.97872,0,0,13.2979,7.97872
,187,5.31429,589,26,16,0,0,26,16,13.8298,8.51064,0,0,13.8298,8.51064
,187,5.31429,591,98,18,-18,-20,78,0,52.1277,9.57447,-9.57447,-10.6383,41.4894,0
,188,5.34286,587,25,15,0,0,25,15,13.2979,7.97872,0,0,13.2979,7.97872
,188,5.34286,588,24,14,0,0,24,14,12.766,7.44681,0,0,12.766,7.44681
,188,5.34286,589,24,14,0,0,24,14,12.766,7.44681,0,0,12.766,7.44681
,188,5.34286,591,98,19,-18,-20,78,1,52.1277,10.1064,-9.57447,-10.6383,41.4894,0.531915
,189,5.37143,587,23,15,0,0,23,15,12.234,7.97872,0,0,12.234,7.97872
,189,5.37143,588,22,15,0,0,22,15,11.7021,7.97872,0,0,11.7021,7.97872
,189,5.37143,589,21,14,0,0,21,14,11.1702,7.44681,0,0,11.1702,7.44681
,189,5.37143,591,98,18,-18,-20,78,0,52.1277,9.57447,-9.57447,-10.6383,41.4894,0
,190,5.4,587,20,12,0,0,20,12,10.6383,6.38298,0,0,10.6383,6.38298
,190,5.4,588,24,14,0,0,24,14,12.766,7.44681,0,0,12.766,7.44681
,190,5.4,589,26,16,0,0,26,16,13.8298,8.51064,0,0,13.8298,8.51064
,190,5.4,591,98,20,-18,-20,78,2,52.1277,10.6383,-9.57447,-10.6383,41.4894,1.06383
,191,5.42857,587,26,16,0,0,26,16,13.8298,8.51064,0,0,13.8298,8.51064
,191,5.42857,588,25,16,0,0,25,16,13.2979,8.51064,0,0,13.2979,8.51064
,191,5.42857,589,29,18,0,0,29,18,15.4255,9.57447,0,0,15.4255,9.57447
,191,5.42857,591,98,27,-18,-20,78,9,52.1277,14.3617,-9.57447,-10.6383,41.4894,4.78723
,192,5.45714,587,46,25,0,0,46,25,24.4681,13.2979,0,0,24.4681,13.2979
,192,5.45714,588,62,34,0,0,62,34,32.9787,18.0851,0,0,32.9787,18.0851
,192,5.45714,589,67,41,0,0,67,41,35.6383,21.8085,0,0,35.6383,21.8085
,192,5.45714,591,98,56,-18,-20,78,38,52.1277,29.7872,-9.57447,-10.6383,41.4894,20.2128
,193,5.48571,587,74,49,0,0,74,49,39.3617,26.0638,0,0,39.3617,26.0638
,193,5.48571,588,88,55,0,0,88,55,46.8085,29.2553,0,0,46.8085,29.2553
,193,5.48571,589,95,61,0,0,95,61,50.5319,32.4468,0,0,50.5319,32.4468
,193,5.48571,591,98,53,-18,-20,78,35,52.1277,28.1915,-9.57447,-10.6383,41.4894,18.617
,194,5.51429,587,91,52,0,0,91,52,48.4043,27.6596,0,0,48.4043,27.6596
,194,5.51429,588,87,48,0,0,87,48,46.2766,25.5319,0,0,46.2766,25.5319
,194,5.51429,589,77,43,0,0,77,43,40.9574,22.8723,0,0,40.9574,22.8723
,194,5.51429,591,98,33,-18,-20,78,15,52.1277,17.5532,-9.57447,-10.6383,41.4894,7.97872
,195,5.54286,587,73,38,0,0,73,38,38.8298,20.2128,0,0,38.8298,20.2128
,195,5.54286,588,57,30,0,0,57,30,30.3191,15.9574,0,0,30.3191,15.9574
,195,5.54286,589,56,28,0,0,56,28,29.7872,14.8936,0,0,29.7872,14.8936
,195,5.54286,591,98,27,-18,-20,78,9,52.1277,14.3617,-9.57447,-10.6383,41.4894,4.78723
,196,5.57143,587,48,23,0,0,48,23,25.5319,12.234,0,0,25.5319,12.234
,196,5.57143,588,47,22,0,0,47,22,25,11.7021,0,0,25,11.7021
,196,5.57143,589,49,22,0,0,49,22,26.0638,11.7021,0,0,26.0638,11.7021
,196,5.57143,591,98,29,-18,-20,78,11,52.1277,15.4255,-9.57447,-10.6383,41.4894,5.85106
,197,5.6,587,49,23,0,0,49,23,26.0638,12.234,0,0,26.0638,12.234
,197,5.6,588,46,25,0,0,46,25,24.4681,13.2979,0,0,24.4681,13.2979
,197,5.6,589,46,27,0,0,46,27,24.4681,14.3617,0,0,24.4681,14.3617
,197,5.6,591,98,31,-18,-20,78,13,52.1277,16.4894,-9.57447,-10.6383,41.4894,6.91489
,198,5.62857,587,48,29,0,0,48,29,25.5319,15.4255,0,0,25.5319,15.4255
,198,5.62857,588,47,30,0,0,47,30,25,15.9574,0,0,25,15.9574
,198,5.62857,589,46,29,0,0,46,29,24.4681,15.4255,0,0,24.4681,15.4255
,198,5.62857,591,98,32,-18,-20,78,14,52.1277,17.0213,-9.57447,-10.6383,41.4894,7.44681
,199,5.65714,587,52,30,0,0,52,30,27.6596,15.9574,0,0,27.6596,15.9574
,199,5.65714,588,53,27,0,0,53,27,28.1915,14.3617,0,0,28.1915,14.3617
,199,5.65714,589,52,28,0,0,52,28,27.6596,14.8936,0,0,27.6596,14.8936
,199,5.65714,591,98,30,-18,-20,78,12,52.1277,15.9574,-9.57447,-10.6383,41.4894,6.38298
,200,5.68571,587,51,31,0,0,51,31,27.1277,16.4894,0,0,27.1277,16.4894
,200,5.68571,588,48,27,0,0,48,27,25.5319,14.3617,0,0,25.5319,14.3617
,200,5.68571,589,46,26,0,0,46,26,24.4681,13.8298,0,0,24.4681,13.8298
,200,5.68571,591,98,25,-18,-20,78,7,52.1277,13.2979,-9.57447,-10.6383,41.4894,3.7234
,201,5.71429,587,40,23,0,0,40,23,21.2766,12.234,0,0,21.2766,12.234
,201,5.71429,588,36,21,0,0,36,21,19.1489,11.1702,0,0,19.1489,11.1702
,201,5.71429,589,29,19,0,0,29,19,15.4255,10.1064,0,0,15.4255,10.1064
,201,5.71429,591,98,26,-18,-20,78,8,52.1277,13.8298,-9.57447,-10.6383,41.4894,4.25532
,202,5.74286,587,33,20,0,0,33,20,17.5532,10.6383,0,0,17.5532,10.6383
,202,5.74286,588,40,22,0,0,40,22,21.2766,11.7021,0,0,21.2766,11.7021
,202,5.74286,589,43,26,0,0,43,26,22.8723,13.8298,0,0,22.8723,13.8298
,202,5.74286,591,98,32,-18,-20,78,14,52.1277,17.0213,-9.57447,-10.6383,41.4894,7.44681
,203,5.77143,587,45,30,0,0,45,30,23.9362,15.9574,0,0,23.9362,15.9574
,203,5.77143,588,46,29,0,0,46,29,24.4681,15.4255,0,0,24.4681,15.4255
,203,5.77143,589,44,28,0,0,44,28,23.4043,14.8936,0,0,23.4043,14.8936
,203,5.77143,591,98,28,-18,-20,78,10,52.1277,14.8936,-9.57447,-10.6383,41.4894,5.31915
,204,5.8,587,43,26,0,0,43,26,22.8723,13.8298,0,0,22.8723,13.8298
,204,5.8,588,41,25,0,0,41,25,21.8085,13.2979,0,0,21.8085,13.2979
,204,5.8,589,41,23,0,0,41,23,21.8085,12.234,0,0,21.8085,12.234
,204,5.8,591,98,26,-18,-20,78,8,52.1277,13.8298,-9.57447,-10.6383,41.4894,4.25532
,205,5.82857,587,38,23,0,0,38,23,20.2128,12.234,0,0,20.2128,12.234
,205,5.82857,588,34,21,0,0,34,21,18.0851,11.1702,0,0,18.0851,11.1702
,205,5.82857,589,35,21,0,0,35,21,18.617,11.1702,0,0,18.617,11.1702
,205,5.82857,591,98,25,-18,-20,78,7,52.1277,13.2979,-9.57447,-10.6383,41.4894,3.7234
,206,5.85714,587,36,23,0,0,36,23,19.1489,12.234,0,0,19.1489,12.234
,206,5.85714,588,34,22,0,0,34,22,18.0851,11.7021,0,0,18.0851,11.7021
,206,5.85714,589,34,23,0,0,34,23,18.0851,12.234,0,0,18.0851,12.234
,206,5.85714,591,98,23,-18,-20,78,5,52.1277,12.234,-9.57447,-10.6383,41.4894,2.65957
,207,5.88571,587,32,20,0,0,32,20,17.0213,10.6383,0,0,17.0213,10.6383
,207,5.88571,588,33,19,0,0,33,19,17.5532,10.1064,0,0,17.5532,10.1064
,207,5.88571,589,32,19,0,0,32,19,17.0213,10.1064,0,0,17.0213,10.1064
,207,5.88571,591,98,21,-18,-20,78,3,52.1277,11.1702,-9.57447,-10.6383,41.4894,1.59574
,208,5.91429,587,29,18,0,0,29,18,15.4255,9.57447,0,0,15.4255,9.57447
,208,5.91429,588,29,17,0,0,29,17,15.4255,9.04255,0,0,15.4255,9.04255
,208,5.91429,589,29,17,0,0,29,17,15.4255,9.04255,0,0,15.4255,9.04255
,208,5.91429,591,98,21,-18,-20,78,3,52.1277,11.1702,-9.57447,-10.6383,41.4894,1.59574
,209,5.94286,587,30,19,0,0,30,19,15.9574,10.1064,0,0,15.9574,10.1064
,209,5.94286,588,30,18,0,0,30,18,15.9574,9.57447,0,0,15.9574,9.57447
,209,5.94286,589,29,17,0,0,29,17,15.4255,9.04255,0,0,15.4255,9.04255
,209,5.94286,591,98,21,-18,-20,78,3,52.1277,11.1702,-9.57447,-10.6383,41.4894,1.59574
,210,5.97143,587,29,18,0,0,29,18,15.4255,9.57447,0,0,15.4255,9.57447
,210,5.97143,588,30,18,0,0,30,18,15.9574,9.57447,0,0,15.9574,9.57447
,210,5.97143,589,31,19,0,0,31,19,16.4894,10.1064,0,0,16.4894,10.1064
,210,5.97143,591,98,20,-18,-20,78,2,52.1277,10.6383,-9.57447,-10.6383,41.4894,1.06383
,211,6,587,30,19,0,0,30,19,15.9574,10.1064,0,0,15.9574,10.1064
,211,6,588,28,18,0,0,28,18,14.8936,9.57447,0,0,14.8936,9.57447
,211,6,589,29,18,0,0,29,18,15.4255,9.57447,0,0,15.4255,9.57447
,211,6,591,98,22,-18,-20,78,4,52.1277,11.7021,-9.57447,-10.6383,41.4894,2.12766
,212,6.02857,587,30,19,0,0,30,19,15.9574,10.1064,0,0,15.9574,10.1064
,212,6.02857,588,31,20,0,0,31,20,16.4894,10.6383,0,0,16.4894,10.6383
,212,6.02857,589,31,20,0,0,31,20,16.4894,10.6383,0,0,16.4894,10.6383
,212,6.02857,591,98,23,-18,-20,78,5,52.1277,12.234,-9.57447,-10.6383,41.4894,2.65957
,213,6.05714,587,31,21,0,0,31,21,16.4894,11.1702,0,0,16.4894,11.1702
,213,6.05714,588,31,20,0,0,31,20,16.4894,10.6383,0,0,16.4894,10.6383
,213,6.05714,589,30,19,0,0,30,19,15.9574,10.1064,0,0,15.9574,10.1064
,213,6.05714,591,98,20,-18,-20,78,2,52.1277,10.6383,-9.57447,-10.6383,41.4894,1.06383
,214,6.08571,587,29,18,0,0,29,18,15.4255,9.57447,0,0,15.4255,9.57447
,214,6.08571,588,29,18,0,0,29,18,15.4255,9.57447,0,0,15.4255,9.57447
,214,6.08571,589,28,17,0,0,28,17,14.8936,9.04255,0,0,14.8936,9.04255
,214,6.08571,591,98,22,-18,-20,78,4,52.1277,11.7021,-9.57447,-10.6383,41.4894,2.12766
,215,6.11429,587,29,18,0,0,29,18,15.4255,9.57447,0,0,15.4255,9.57447
,215,6.11429,588,28,18,0,0,28,18,14.8936,9.57447,0,0,14.8936,9.57447
,215,6.11429,589,28,18,0,0,28,18,14.8936,9.57447,0,0,14.8936,9.57447
,215,6.11429,591,98,21,-18,-20,78,3,52.1277,11.1702,-9.57447,-10.6383,41.4894,1.59574
,216,6.14286,587,28,18,0,0,28,18,14.8936,9.57447,0,0,14.8936,9.57447
,216,6.14286,588,27,18,0,0,27,18,14.3617,9.57447,0,0,14.3617,9.57447
,216,6.14286,589,28,17,0,0,28,17,14.8936,9.04255,0,0,14.8936,9.04255
,216,6.14286,591,98,20,-18,-20,78,2,52.1277,10.6383,-9.57447,-10.6383,41.4894,1.06383
,217,6.17143,587,28,18,0,0,28,18,14.8936,9.57447,0,0,14.8936,9.57447
,217,6.17143,588,26,16,0,0,26,16,13.8298,8.51064,0,0,13.8298,8.51064
,217,6.17143,589,25,16,0,0,25,16,13.2979,8.51064,0,0,13.2979,8.51064
,217,6.17143,591,98,19,-18,-20,78,1,52.1277,10.1064,-9.57447,-10.6383,41.4894,0.531915
,218,6.2,587,28,17,0,0,28,17,14.8936,9.04255,0,0,14.8936,9.04255
,218,6.2,588,27,15,0,0,27,15,14.3617,7.97872,0,0,14.3617,7.97872
,218,6.2,589,27,15,0,0,27,15,14.3617,7.97872,0,0,14.3617,7.97872
,218,6.2,591,98,20,-18,-20,78,2,52.1277,10.6383,-9.57447,-10.6383,41.4894,1.06383
,219,6.22857,587,27,16,0,0,27,16,14.3617,8.51064,0,0,14.3617,8.51064
,219,6.22857,588,27,17,0,0,27,17,14.3617,9.04255,0,0,14.3617,9.04255
,219,6.22857,589,26,17,0,0,26,17,13.8298,9.04255,0,0,13.8298,9.04255
,219,6.22857,591,98,18,-18,-20,78,0,52.1277,9.57447,-9.57447,-10.6383,41.4894,0
,220,6.25714,587,22,14,0,0,22,14,11.7021,7.44681,0,0,11.7021,7.44681
,220,6.25714,588,22,16,0,0,22,16,11.7021,8.51064,0,0,11.7021,8.51064
,220,6.25714,589,22,15,0,0,22,15,11.7021,7.97872,0,0,11.7021,7.97872
,220,6.25714,591,98,17,-18,-20,78,-1,52.1277,9.04255,-9.57447,-10.6383,41.4894,-0.531915
,221,6.28571,587,22,14,0,0,22,14,11.7021,7.44681,0,0,11.7021,7.44681
,221,6.28571,588,22,14,0,0,22,14,11.7021,7.44681,0,0,11.7021,7.44681
,221,6.28571,589,21,13,0,0,21,13,11.1702,6.91489,0,0,11.1702,6.91489
,221,6.28571,591,98,17,-18,-20,78,-1,52.1277,9.04255,-9.57447,-10.6383,41.4894,-0.531915
,222,6.31429,587,19,12,0,0,19,12,10.1064,6.38298,0,0,10.1064,6.38298
,222,6.31429,588,21,14,0,0,21,14,11.1702,7.44681,0,0,11.1702,7.44681
,222,6.31429,589,22,14,0,0,22,14,11.7021,7.44681,0,0,11.7021,7.44681
,222,6.31429,591,98,17,-18,-20,78,-1,52.1277,9.04255,-9.57447,-10.6383,41.4894,-0.531915
,223,6.34286,587,23,15,0,0,23,15,12.234,7.97872,0,0,12.234,7.97872
,223,6.34286,588,23,15,0,0,23,15,12.234,7.97872,0,0,12.234,7.97872
,223,6.34286,589,25,16,0,0,25,16,13.2979,8.51064,0,0,13.2979,8.51064
,223,6.34286,591,98,20,-18,-20,78,2,52.1277,10.6383,-9.57447,-10.6383,41.4894,1.06383
,224,6.37143,587,28,17,0,0,28,17,14.8936,9.04255,0,0,14.8936,9.04255
,224,6.37143,588,31,20,0,0,31,20,16.4894,10.6383,0,0,16.4894,10.6383
,224,6.37143,589,37,23,0,0,37,23,19.6809,12.234,0,0,19.6809,12.234
,224,6.37143,591,98,47,-18,-20,78,29,52.1277,25,-9.57447,-10.6383,41.4894,15.4255
,225,6.4,587,57,32,0,0,57,32,30.3191,17.0213,0,0,30.3191,17.0213
,225,6.4,588,73,45,0,0,73,45,38.8298,23.9362,0,0,38.8298,23.9362
,225,6.4,589,83,54,0,0,83,54,44.1489,28.7234,0,0,44.1489,28.7234
,225,6.4,591,98,59,-18,-20,78,41,52.1277,31.383,-9.57447,-10.6383,41.4894,21.8085
,226,6.42857,587,89,60,0,0,89,60,47.3404,31.9149,0,0,47.3404,31.9149
,226,6.42857,588,97,63,0,0,97,63,51.5957,33.5106,0,0,51.5957,33.5106
,226,6.42857,589,90,57,0,0,90,57,47.8723,30.3191,0,0,47.8723,30.3191
,226,6.42857,591,98,44,-18,-20,78,26,52.1277,23.4043,-9.57447,-10.6383,41.4894,13.8298
,227,6.45714,587,82,43,0,0,82,43,43.617,22.8723,0,0,43.617,22.8723
,227,6.45714,588,68,35,0,0,68,35,36.1702,18.617,0,0,36.1702,18.617
,227,6.45714,589,64,31,0,0,64,31,34.0426,16.4894,0,0,34.0426,16.4894
,227,6.45714,591,98,29,-18,-20,78,11,52.1277,15.4255,-9.57447,-10.6383,41.4894,5.85106
,228,6.48571,587,57,26,0,0,57,26,30.3191,13.8298,0,0,30.3191,13.8298
,228,6.48571,588,52,25,0,0,52,25,27.6596,13.2979,0,0,27.6596,13.2979
,228,6.48571,589,50,22,0,0,50,22,26.5957,11.7021,0,0,26.5957,11.7021
,228,6.48571,591,98,24,-18,-20,78,6,52.1277,12.766,-9.57447,-10.6383,41.4894,3.19149
,229,6.51429,587,46,22,0,0,46,22,24.4681,11.7021,0,0,24.4681,11.7021
,229,6.51429,588,48,23,0,0,48,23,25.5319,12.234,0,0,25.5319,12.234
,229,6.51429,589,50,26,0,0,50,26,26.5957,13.8298,0,0,26.5957,13.8298
,229,6.51429,591,98,25,-18,-20,78,7,52.1277,13.2979,-9.57447,-10.6383,41.4894,3.7234
,230,6.54286,587,39,23,0,0,39,23,20.7447,12.234,0,0,20.7447,12.234
,230,6.54286,588,41,23,0,0,41,23,21.8085,12.234,0,0,21.8085,12.234
,230,6.54286,589,44,26,0,0,44,26,23.4043,13.8298,0,0,23.4043,13.8298
,230,6.54286,591,98,31,-18,-20,78,13,52.1277,16.4894,-9.57447,-10.6383,41.4894,6.91489
,231,6.57143,587,48,29,0,0,48,29,25.5319,15.4255,0,0,25.5319,15.4255
,231,6.57143,588,48,31,0,0,48,31,25.5319,16.4894,0,0,25.5319,16.4894
,231,6.57143,589,49,31,0,0,49,31,26.0638,16.4894,0,0,26.0638,16.4894
,231,6.57143,591,98,33,-18,-20,78,15,52.1277,17.5532,-9.57447,-10.6383,41.4894,7.97872
,232,6.6,587,50,30,0,0,50,30,26.5957,15.9574,0,0,26.5957,15.9574
,232,6.6,588,53,31,0,0,53,31,28.1915,16.4894,0,0,28.1915,16.4894
,232,6.6,589,52,30,0,0,52,30,27.6596,15.9574,0,0,27.6596,15.9574
,232,6.6,591,98,31,-18,-20,78,13,52.1277,16.4894,-9.57447,-10.6383,41.4894,6.91489
,233,6.62857,587,51,29,0,0,51,29,27.1277,15.4255,0,0,27.1277,15.4255
,233,6.62857,588,47,27,0,0,47,27,25,14.3617,0,0,25,14.3617
,233,6.62857,589,44,26,0,0,44,26,23.4043,13.8298,0,0,23.4043,13.8298
,233,6.62857,591,98,24,-18,-20,78,6,52.1277,12.766,-9.57447,-10.6383,41.4894,3.19149
,234,6.65714,587,33,20,0,0,33,20,17.5532,10.6383,0,0,17.5532,10.6383
,234,6.65714,588,31,18,0,0,31,18,16.4894,9.57447,0,0,16.4894,9.57447
,234,6.65714,589,33,18,0,0,33,18,17.5532,9.57447,0,0,17.5532,9.57447
,234,6.65714,591,98,27,-18,-20,78,9,52.1277,14.3617,-9.57447,-10.6383,41.4894,4.78723
,235,6.68571,587,36,21,0,0,36,21,19.1489,11.1702,0,0,19.1489,11.1702
,235,6.68571,588,41,25,0,0,41,25,21.8085,13.2979,0,0,21.8085,13.2979
,235,6.68571,589,42,26,0,0,42,26,22.3404,13.8298,0,0,22.3404,13.8298
,235,6.68571,591,98,28,-18,-20,78,10,52.1277,14.8936,-9.57447,-10.6383,41.4894,5.31915
,236,6.71429,587,39,25,0,0,39,25,20.7447,13.2979,0,0,20.7447,13.2979
,236,6.71429,588,41,25,0,0,41,25,21.8085,13.2979,0,0,21.8085,13.2979
,236,6.71429,589,42,25,0,0,42,25,22.3404,13.2979,0,0,22.3404,13.2979
,236,6.71429,591,98,28,-18,-20,78,10,52.1277,14.8936,-9.57447,-10.6383,41.4894,5.31915
,237,6.74286,587,41,24,0,0,41,24,21.8085,12.766,0,0,21.8085,12.766
,237,6.74286,588,42,25,0,0,42,25,22.3404,13.2979,0,0,22.3404,13.2979
,237,6.74286,589,39,25,0,0,39,25,20.7447,13.2979,0,0,20.7447,13.2979
,237,6.74286,591,98,23,-18,-20,78,5,52.1277,12.234,-9.57447,-10.6383,41.4894,2.65957
,238,6.77143,587,33,19,0,0,33,19,17.5532,10.1064,0,0,17.5532,10.1064
,238,6.77143,588,36,21,0,0,36,21,19.1489,11.1702,0,0,19.1489,11.1702
,238,6.77143,589,35,21,0,0,35,21,18.617,11.1702,0,0,18.617,11.1702
,238,6.77143,591,98,23,-18,-20,78,5,52.1277,12.234,-9.57447,-10.6383,41.4894,2.65957
,239,6.8,587,33,20,0,0,33,20,17.5532,10.6383,0,0,17.5532,10.6383
,239,6.8,588,33,20,0,0,33,20,17.5532,10.6383,0,0,17.5532,10.6383
,239,6.8,589,33,20,0,0,33,20,17.5532,10.6383,0,0,17.5532,10.6383
,239,6.8,591,98,22,-18,-20,78,4,52.1277,11.7021,-9.57447,-10.6383,41.4894,2.12766
,240,6.82857,587,30,19,0,0,30,19,15.9574,10.1064,0,0,15.9574,10.1064
,240,6.82857,588,29,18,0,0,29,18,15.4255,9.57447,0,0,15.4255,9.57447
,240,6.82857,589,28,16,0,0,28,16,14.8936,8.51064,0,0,14.8936,8.51064
,240,6.82857,591,98,21,-18,-20,78,3,52.1277,11.1702,-9.57447,-10.6383,41.4894,1.59574
,241,6.85714,587,29,18,0,0,29,18,15.4255,9.57447,0,0,15.4255,9.57447
,241,6.85714,588,28,18,0,0,28,18,14.8936,9.57447,0,0,14.8936,9.57447
,241,6.85714,589,29,19,0,0,29,19,15.4255,10.1064,0,0,15.4255,10.1064
,241,6.85714,591,98,20,-18,-20,78,2,52.1277,10.6383,-9.57447,-10.6383,41.4894,1.06383
,242,6.88571,587,28,18,0,0,28,18,14.8936,9.57447,0,0,14.8936,9.57447
,242,6.88571,588,28,18,0,0,28,18,14.8936,9.57447,0,0,14.8936,9.57447
,242,6.88571,589,28,17,0,0,28,17,14.8936,9.04255,0,0,14.8936,9.04255
,242,6.88571,591,98,19,-18,-20,78,1,52.1277,10.1064,-9.57447,-10.6383,41.4894,0.531915
,243,6.91429,587,26,16,0,0,26,16,13.8298,8.51064,0,0,13.8298,8.51064
,243,6.91429,588,29,18,0,0,29,18,15.4255,9.57447,0,0,15.4255,9.57447
,243,6.91429,589,29,18,0,0,29,18,15.4255,9.57447,0,0,15.4255,9.57447
,243,6.91429,591,98,20,-18,-20,78,2,52.1277,10.6383,-9.57447,-10.6383,41.4894,1.06383
,244,6.94286,587,28,17,0,0,28,17,14.8936,9.04255,0,0,14.8936,9.04255
,244,6.94286,588,29,18,0,0,29,18,15.4255,9.57447,0,0,15.4255,9.57447
,244,6.94286,589,29,19,0,0,29,19,15.4255,10.1064,0,0,15.4255,10.1064
,244,6.94286,591,98,20,-18,-20,78,2,52.1277,10.6383,-9.57447,-10.6383,41.4894,1.06383
,245,6.97143,587,28,17,0,0,28,17,14.8936,9.04255,0,0,14.8936,9.04255
,245,6.97143,588,27,17,0,0,27,17,14.3617,9.04255,0,0,14.3617,9.04255
,245,6.97143,589,27,18,0,0,27,18,14.3617,9.57447,0,0,14.3617,9.57447
,245,6.97143,591,98,22,-18,-20,78,4,52.1277,11.7021,-9.57447,-10.6383,41.4894,2.12766
,246,7,587,29,19,0,0,29,19,15.4255,10.1064,0,0,15.4255,10.1064
,246,7,588,30,20,0,0,30,20,15.9574,10.6383,0,0,15.9574,10.6383
,246,7,589,28,19,0,0,28,19,14.8936,10.1064,0,0,14.8936,10.1064
,246,7,591,98,21,-18,-20,78,3,52.1277,11.1702,-9.57447,-10.6383,41.4894,1.59574
,247,7.02857,587,28,18,0,0,28,18,14.8936,9.57447,0,0,14.8936,9.57447
,247,7.02857,588,29,19,0,0,29,19,15.4255,10.1064,0,0,15.4255,10.1064
,247,7.02857,589,30,21,0,0,30,21,15.9574,11.1702,0,0,15.9574,11.1702
,247,7.02857,591,98,22,-18,-20,78,4,52.1277,11.7021,-9.57447,-10.6383,41.4894,2.12766
,248,7.05714,587,29,20,0,0,29,20,15.4255,10.6383,0,0,15.4255,10.6383
,248,7.05714,588,27,18,0,0,27,18,14.3617,9.57447,0,0,14.3617,9.57447
,248,7.05714,589,29,19,0,0,29,19,15.4255,10.1064,0,0,15.4255,10.1064
,248,7.05714,591,98,21,-18,-20,78,3,52.1277,11.1702,-9.57447,-10.6383,41.4894,1.59574
,249,7.08571,587,29,17,0,0,29,17,15.4255,9.04255,0,0,15.4255,9.04255
,249,7.08571,588,29,18,0,0,29,18,15.4255,9.57447,0,0,15.4255,9.57447
,249,7.08571,589,28,18,0,0,28,18,14.8936,9.57447,0,0,14.8936,9.57447
,249,7.08571,591,98,18,-18,-20,78,0,52.1277,9.57447,-9.57447,-10.6383,41.4894,0
,250,7.11429,587,25,15,0,0,25,15,13.2979,7.97872,0,0,13.2979,7.97872
,250,7.11429,588,27,15,0,0,27,15,14.3617,7.97872,0,0,14.3617,7.97872
,250,7.11429,589,27,16,0,0,27,16,14.3617,8.51064,0,0,14.3617,8.51064
,250,7.11429,591,98,19,-18,-20,78,1,52.1277,10.1064,-9.57447,-10.6383,41.4894,0.531915
,251,7.14286,587,26,16,0,0,26,16,13.8298,8.51064,0,0,13.8298,8.51064
,251,7.14286,588,24,15,0,0,24,15,12.766,7.97872,0,0,12.766,7.97872
,251,7.14286,589,24,14,0,0,24,14,12.766,7.44681,0,0,12.766,7.44681
,251,7.14286,591,98,20,-18,-20,78,2,52.1277,10.6383,-9.57447,-10.6383,41.4894,1.06383
,252,7.17143,587,26,17,0,0,26,17,13.8298,9.04255,0,0,13.8298,9.04255
,252,7.17143,588,26,17,0,0,26,17,13.8298,9.04255,0,0,13.8298,9.04255
,252,7.17143,589,26,17,0,0,26,17,13.8298,9.04255,0,0,13.8298,9.04255
,252,7.17143,591,98,20,-18,-20,78,2,52.1277,10.6383,-9.57447,-10.6383,41.4894,1.06383
,253,7.2,587,26,17,0,0,26,17,13.8298,9.04255,0,0,13.8298,9.04255
,253,7.2,588,25,17,0,0,25,17,13.2979,9.04255,0,0,13.2979,9.04255
,253,7.2,589,24,18,0,0,24,18,12.766,9.57447,0,0,12.766,9.57447
,253,7.2,591,98,19,-18,-20,78,1,52.1277,10.1064,-9.57447,-10.6383,41.4894,0.531915
,254,7.22857,587,24,16,0,0,24,16,12.766,8.51064,0,0,12.766,8.51064
,254,7.22857,588,22,14,0,0,22,14,11.7021,7.44681,0,0,11.7021,7.44681
,254,7.22857,589,22,14,0,0,22,14,11.7021,7.44681,0,0,11.7021,7.44681
,254,7.22857,591,98,18,-18,-20,78,0,52.1277,9.57447,-9.57447,-10.6383,41.4894,0
,255,7.25714,587,21,14,0,0,21,14,11.1702,7.44681,0,0,11.1702,7.44681
,255,7.25714,588,21,13,0,0,21,13,11.1702,6.91489,0,0,11.1702,6.91489
,255,7.25714,589,22,14,0,0,22,14,11.7021,7.44681,0,0,11.7021,7.44681
,255,7.25714,591,98,16,-18,-20,78,-2,52.1277,8.51064,-9.57447,-10.6383,41.4894,-1.06383
,256,7.28571,587,21,14,0,0,21,14,11.1702,7.44681,0,0,11.1702,7.44681
,256,7.28571,588,20,12,0,0,20,12,10.6383,6.38298,0,0,10.6383,6.38298
,256,7.28571,589,21,14,0,0,21,14,11.1702,7.44681,0,0,11.1702,7.44681
,256,7.28571,591,98,17,-18,-20,78,-1,52.1277,9.04255,-9.57447,-10.6383,41.4894,-0.531915
,257,7.31429,587,21,13,0,0,21,13,11.1702,6.91489,0,0,11.1702,6.91489
,257,7.31429,588,22,14,0,0,22,14,11.7021,7.44681,0,0,11.7021,7.44681
,257,7.31429,589,23,15,0,0,23,15,12.234,7.97872,0,0,12.234,7.97872
,257,7.31429,591,98,19,-18,-20,78,1,52.1277,10.1064,-9.57447,-10.6383,41.4894,0.531915
,258,7.34286,587,24,15,0,0,24,15,12.766,7.97872,0,0,12.766,7.97872
,258,7.34286,588,24,15,0,0,24,15,12.766,7.97872,0,0,12.766,7.97872
,258,7.34286,589,31,17,0,0,31,17,16.4894,9.04255,0,0,16.4894,9.04255
,258,7.34286,591,98,34,-18,-20,78,16,52.1277,18.0851,-9.57447,-10.6383,41.4894,8.51064
,259,7.37143,587,51,32,0,0,51,32,27.1277,17.0213,0,0,27.1277,17.0213
,259,7.37143,588,61,41,0,0,61,41,32.4468,21.8085,0,0,32.4468,21.8085
,259,7.37143,589,79,51,0,0,79,51,42.0213,27.1277,0,0,42.0213,27.1277
,259,7.37143,591,98,59,-18,-20,78,41,52.1277,31.383,-9.57447,-10.6383,41.4894,21.8085
,260,7.4,587,82,57,0,0,82,57,43.617,30.3191,0,0,43.617,30.3191
,260,7.4,588,91,60,0,0,91,60,48.4043,31.9149,0,0,48.4043,31.9149
,260,7.4,589,93,68,0,0,93,68,49.4681,36.1702,0,0,49.4681,36.1702
,260,7.4,591,98,53,-18,-20,78,35,52.1277,28.1915,-9.57447,-10.6383,41.4894,18.617
,261,7.42857,587,90,53,0,0,90,53,47.8723,28.1915,0,0,47.8723,28.1915
,261,7.42857,588,88,47,0,0,88,47,46.8085,25,0,0,46.8085,25
,261,7.42857,589,76,39,0,0,76,39,40.4255,20.7447,0,0,40.4255,20.7447
,261,7.42857,591,98,37,-18,-20,78,19,52.1277,19.6809,-9.57447,-10.6383,41.4894,10.1064
,262,7.45714,587,66,32,0,0,66,32,35.1064,17.0213,0,0,35.1064,17.0213
,262,7.45714,588,53,26,0,0,53,26,28.1915,13.8298,0,0,28.1915,13.8298
,262,7.45714,589,51,28,0,0,51,28,27.1277,14.8936,0,0,27.1277,14.8936
,262,7.45714,591,98,26,-18,-20,78,8,52.1277,13.8298,-9.57447,-10.6383,41.4894,4.25532
,263,7.48571,587,46,26,0,0,46,26,24.4681,13.8298,0,0,24.4681,13.8298
,263,7.48571,588,45,23,0,0,45,23,23.9362,12.234,0,0,23.9362,12.234
,263,7.48571,589,45,24,0,0,45,24,23.9362,12.766,0,0,23.9362,12.766
,263,7.48571,591,98,29,-18,-20,78,11,52.1277,15.4255,-9.57447,-10.6383,41.4894,5.85106
,264,7.51429,587,45,26,0,0,45,26,23.9362,13.8298,0,0,23.9362,13.8298
,264,7.51429,588,42,26,0,0,42,26,22.3404,13.8298,0,0,22.3404,13.8298
,264,7.51429,589,41,24,-5,-7,34,19,21.8085,12.766,-2.65957,-3.7234,18.0851,10.1064
,264,7.51429,591,98,28,-18,-20,78,10,52.1277,14.8936,-9.57447,-10.6383,41.4894,5.31915
,265,7.54286,587,42,24,0,0,42,24,22.3404,12.766,0,0,22.3404,12.766
,265,7.54286,588,47,26,0,0,47,26,25,13.8298,0,0,25,13.8298
,265,7.54286,589,45,27,0,0,45,27,23.9362,14.3617,0,0,23.9362,14.3617
,265,7.54286,591,98,32,-18,-20,78,14,52.1277,17.0213,-9.57447,-10.6383,41.4894,7.44681
,266,7.57143,587,50,30,0,0,50,30,26.5957,15.9574,0,0,26.5957,15.9574
,266,7.57143,588,48,29,0,0,48,29,25.5319,15.4255,0,0,25.5319,15.4255
,266,7.57143,589,48,26,0,0,48,26,25.5319,13.8298,0,0,25.5319,13.8298
,266,7.57143,591,98,30,-18,-20,78,12,52.1277,15.9574,-9.57447,-10.6383,41.4894,6.38298
,267,7.6,587,48,28,0,0,48,28,25.5319,14.8936,0,0,25.5319,14.8936
,267,7.6,588,48,28,0,0,48,28,25.5319,14.8936,0,0,25.5319,14.8936
,267,7.6,589,43,26,0,0,43,26,22.8723,13.8298,0,0,22.8723,13.8298
,267,7.6,591,98,24,-18,-20,78,6,52.1277,12.766,-9.57447,-10.6383,41.4894,3.19149
,268,7.62857,587,38,20,0,0,38,20,20.2128,10.6383,0,0,20.2128,10.6383
,268,7.62857,588,32,20,0,0,32,20,17.0213,10.6383,0,0,17.0213,10.6383
,268,7.62857,589,30,18,0,0,30,18,15.9574,9.57447,0,0,15.9574,9.57447
,268,7.62857,591,98,25,-18,-20,78,7,52.1277,13.2979,-9.57447,-10.6383,41.4894,3.7234
,269,7.65714,587,37,22,0,0,37,22,19.6809,11.7021,0,0,19.6809,11.7021
,269,7.65714,588,42,25,0,0,42,25,22.3404,13.2979,0,0,22.3404,13.2979
,269,7.65714,589,42,24,0,0,42,24,22.3404,12.766,0,0,22.3404,12.766
,269,7.65714,591,98,28,-18,-20,78,10,52.1277,14.8936,-9.57447,-10.6383,41.4894,5.31915
,270,7.68571,587,39,22,0,0,39,22,20.7447,11.7021,0,0,20.7447,11.7021
,270,7.68571,588,40,25,0,0,40,25,21.2766,13.2979,0,0,21.2766,13.2979
,270,7.68571,589,41,26,0,0,41,26,21.8085,13.8298,0,0,21.8085,13.8298
,270,7.68571,591,98,26,-18,-20,78,8,52.1277,13.8298,-9.57447,-10.6383,41.4894,4.25532
,271,7.71429,587,39,23,0,0,39,23,20.7447,12.234,0,0,20.7447,12.234
,271,7.71429,588,39,24,0,0,39,24,20.7447,12.766,0,0,20.7447,12.766
,271,7.71429,589,35,22,0,0,35,22,18.617,11.7021,0,0,18.617,11.7021
,271,7.71429,591,98,23,-18,-20,78,5,52.1277,12.234,-9.57447,-10.6383,41.4894,2.65957
,272,7.74286,587,32,20,0,0,32,20,17.0213,10.6383,0,0,17.0213,10.6383
,272,7.74286,588,31,20,0,0,31,20,16.4894,10.6383,0,0,16.4894,10.6383
,272,7.74286,589,32,20,0,0,32,20,17.0213,10.6383,0,0,17.0213,10.6383
,272,7.74286,591,98,23,-18,-20,78,5,52.1277,12.234,-9.57447,-10.6383,41.4894,2.65957
,273,7.77143,587,32,21,0,0,32,21,17.0213,11.1702,0,0,17.0213,11.1702
,273,7.77143,588,32,20,0,0,32,20,17.0213,10.6383,0,0,17.0213,10.6383
,273,7.77143,589,29,18,0,0,29,18,15.4255,9.57447,0,0,15.4255,9.57447
,273,7.77143,591,98,21,-18,-20,78,3,52.1277,11.1702,-9.57447,-10.6383,41.4894,1.59574
,274,7.8,587,29,18,0,0,29,18,15.4255,9.57447,0,0,15.4255,9.57447
,274,7.8,588,28,18,0,0,28,18,14.8936,9.57447,0,0,14.8936,9.57447
,274,7.8,589,27,19,0,0,27,19,14.3617,10.1064,0,0,14.3617,10.1064
,274,7.8,591,98,19,-18,-20,78,1,52.1277,10.1064,-9.57447,-10.6383,41.4894,0.531915
,275,7.82857,587,26,16,0,0,26,16,13.8298,8.51064,0,0,13.8298,8.51064
,275,7.82857,588,24,15,0,0,24,15,12.766,7.97872,0,0,12.766,7.97872
,275,7.82857,589,24,16,0,0,24,16,12.766,8.51064,0,0,12.766,8.51064
,275,7.82857,591,98,19,-18,-20,78,1,52.1277,10.1064,-9.57447,-10.6383,41.4894,0.531915
,276,7.85714,587,25,16,0,0,25,16,13.2979,8.51064,0,0,13.2979,8.51064
,276,7.85714,588,25,15,0,0,25,15,13.2979,7.97872,0,0,13.2979,7.97872
,276,7.85714,589,24,15,0,0,24,15,12.766,7.97872,0,0,12.766,7.97872
,276,7.85714,591,98,20,-18,-20,78,2,52.1277,10.6383,-9.57447,-10.6383,41.4894,1.06383
,277,7.88571,587,25,17,0,0,25,17,13.2979,9.04255,0,0,13.2979,9.04255
,277,7.88571,588,25,16,0,0,25,16,13.2979,8.51064,0,0,13.2979,8.51064
,277,7.88571,589,26,16,0,0,26,16,13.8298,8.51064,0,0,13.8298,8.51064
,277,7.88571,591,98,20,-18,-20,78,2,52.1277,10.6383,-9.57447,-10.6383,41.4894,1.06383
,278,7.91429,587,27,17,0,0,27,17,14.3617,9.04255,0,0,14.3617,9.04255
,278,7.91429,588,27,18,0,0,27,18,14.3617,9.57447,0,0,14.3617,9.57447
,278,7.91429,589,26,17,0,0,26,17,13.8298,9.04255,0,0,13.8298,9.04255
,278,7.91429,591,98,19,-18,-20,78,1,52.1277,10.1064,-9.57447,-10.6383,41.4894,0.531915
,279,7.94286,587,25,17,0,0,25,17,13.2979,9.04255,0,0,13.2979,9.04255
,279,7.94286,588,25,16,0,0,25,16,13.2979,8.51064,0,0,13.2979,8.51064
,279,7.94286,589,24,16,0,0,24,16,12.766,8.51064,0,0,12.766,8.51064
,279,7.94286,591,98,21,-18,-20,78,3,52.1277,11.1702,-9.57447,-10.6383,41.4894,1.59574
,280,7.97143,587,28,18,0,0,28,18,14.8936,9.57447,0,0,14.8936,9.57447
,280,7.97143,588,29,18,0,0,29,18,15.4255,9.57447,0,0,15.4255,9.57447
,280,7.97143,589,29,18,0,0,29,18,15.4255,9.57447,0,0,15.4255,9.57447
,280,7.97143,591,98,20,-18,-20,78,2,52.1277,10.6383,-9.57447,-10.6383,41.4894,1.06383
,281,8,587,28,17,0,0,28,17,14.8936,9.04255,0,0,14.8936,9.04255
,281,8,588,28,16,0,0,28,16,14.8936,8.51064,0,0,14.8936,8.51064
,281,8,589,27,17,0,0,27,17,14.3617,9.04255,0,0,14.3617,9.04255
,281,8,591,98,20,-18,-20,78,2,52.1277,10.6383,-9.57447,-10.6383,41.4894,1.06383
,282,8.02857,587,26,17,0,0,26,17,13.8298,9.04255,0,0,13.8298,9.04255
,282,8.02857,588,26,17,0,0,26,17,13.8298,9.04255,0,0,13.8298,9.04255
,282,8.02857,589,24,16,0,0,24,16,12.766,8.51064,0,0,12.766,8.51064
,282,8.02857,591,98,19,-18,-20,78,1,52.1277,10.1064,-9.57447,-10.6383,41.4894,0.531915
,283,8.05714,587,24,16,0,0,24,16,12.766,8.51064,0,0,12.766,8.51064
,283,8.05714,588,23,15,0,0,23,15,12.234,7.97872,0,0,12.234,7.97872
,283,8.05714,589,23,15,0,0,23,15,12.234,7.97872,0,0,12.234,7.97872
,283,8.05714,591,98,19,-18,-20,78,1,52.1277,10.1064,-9.57447,-10.6383,41.4894,0.531915
,284,8.08571,587,24,15,0,0,24,15,12.766,7.97872,0,0,12.766,7.97872
,284,8.08571,588,24,15,0,0,24,15,12.766,7.97872,0,0,12.766,7.97872
,284,8.08571,589,24,15,0,0,24,15,12.766,7.97872,0,0,12.766,7.97872
,284,8.08571,591,98,19,-18,-20,78,1,52.1277,10.1064,-9.57447,-10.6383,41.4894,0.531915
,285,8.11429,587,23,16,0,0,23,16,12.234,8.51064,0,0,12.234,8.51064
,285,8.11429,588,23,16,0,0,23,16,12.234,8.51064,0,0,12.234,8.51064
,285,8.11429,589,24,15,0,0,24,15,12.766,7.97872,0,0,12.766,7.97872
,285,8.11429,591,98,17,-18,-20,78,-1,52.1277,9.04255,-9.57447,-10.6383,41.4894,-0.531915
,286,8.14286,587,22,14,0,0,22,14,11.7021,7.44681,0,0,11.7021,7.44681
,286,8.14286,588,21,13,0,0,21,13,11.1702,6.91489,0,0,11.1702,6.91489
,286,8.14286,589,21,14,0,0,21,14,11.1702,7.44681,0,0,11.1702,7.44681
,286,8.14286,591,98,17,-18,-20,78,-1,52.1277,9.04255,-9.57447,-10.6383,41.4894,-0.531915
,287,8.17143,587,19,13,0,0,19,13,10.1064,6.91489,0,0,10.1064,6.91489
,287,8.17143,588,21,15,0,0,21,15,11.1702,7.97872,0,0,11.1702,7.97872
,287,8.17143,589,21,14,0,0,21,14,11.1702,7.44681,0,0,11.1702,7.44681
,287,8.17143,591,98,17,-18,-20,78,-1,52.1277,9.04255,-9.57447,-10.6383,41.4894,-0.531915
,288,8.2,587,22,14,0,0,22,14,11.7021,7.44681,0,0,11.7021,7.44681
,288,8.2,588,21,14,0,0,21,14,11.1702,7.44681,0,0,11.1702,7.44681
,288,8.2,589,21,13,0,0,21,13,11.1702,6.91489,0,0,11.1702,6.91489
,288,8.2,591,98,17,-18,-20,78,-1,52.1277,9.04255,-9.57447,-10.6383,41.4894,-0.531915
,289,8.22857,587,19,13,0,0,19,13,10.1064,6.91489,0,0,10.1064,6.91489
,289,8.22857,588,17,11,0,0,17,11,9.04255,5.85106,0,0,9.04255,5.85106
,289,8.22857,589,18,12,0,0,18,12,9.57447,6.38298,0,0,9.57447,6.38298
,289,8.22857,591,98,16,-18,-20,78,-2,52.1277,8.51064,-9.57447,-10.6383,41.4894,-1.06383
,290,8.25714,587,19,13,0,0,19,13,10.1064,6.91489,0,0,10.1064,6.91489
,290,8.25714,588,18,12,0,0,18,12,9.57447,6.38298,0,0,9.57447,6.38298
,290,8.25714,589,16,11,0,0,16,11,8.51064,5.85106,0,0,8.51064,5.85106
,290,8.25714,591,98,15,-18,-20,78,-3,52.1277,7.97872,-9.57447,-10.6383,41.4894,-1.59574
,291,8.28571,587,15,10,0,0,15,10,7.97872,5.31915,0,0,7.97872,5.31915
,291,8.28571,588,17,11,0,0,17,11,9.04255,5.85106,0,0,9.04255,5.85106
,291,8.28571,589,19,12,0,0,19,12,10.1064,6.38298,0,0,10.1064,6.38298
,291,8.28571,591,98,16,-18,-20,78,-2,52.1277,8.51064,-9.57447,-10.6383,41.4894,-1.06383
,292,8.31429,587,21,13,0,0,21,13,11.1702,6.91489,0,0,11.1702,6.91489
,292,8.31429,588,21,13,0,0,21,13,11.1702,6.91489,0,0,11.1702,6.91489
,292,8.31429,589,23,15,0,0,23,15,12.234,7.97872,0,0,12.234,7.97872
,292,8.31429,591,98,28,-18,-20,78,10,52.1277,14.8936,-9.57447,-10.6383,41.4894,5.31915
,293,8.34286,587,31,19,0,0,31,19,16.4894,10.1064,0,0,16.4894,10.1064
,293,8.34286,588,42,25,0,0,42,25,22.3404,13.2979,0,0,22.3404,13.2979
,293,8.34286,589,55,34,0,0,55,34,29.2553,18.0851,0,0,29.2553,18.0851
,293,8.34286,591,98,49,-18,-20,78,31,52.1277,26.0638,-9.57447,-10.6383,41.4894,16.4894
,294,8.37143,587,73,47,0,0,73,47,38.8298,25,0,0,38.8298,25
,294,8.37143,588,89,57,0,0,89,57,47.3404,30.3191,0,0,47.3404,30.3191
,294,8.37143,589,90,58,0,0,90,58,47.8723,30.8511,0,0,47.8723,30.8511
,294,8.37143,591,98,54,-18,-20,78,36,52.1277,28.7234,-9.57447,-10.6383,41.4894,19.1489
,295,8.4,587,94,60,0,0,94,60,50,31.9149,0,0,50,31.9149
,295,8.4,588,94,53,0,0,94,53,50,28.1915,0,0,50,28.1915
,295,8.4,589,85,48,0,0,85,48,45.2128,25.5319,0,0,45.2128,25.5319
,295,8.4,591,98,39,-18,-20,78,21,52.1277,20.7447,-9.57447,-10.6383,41.4894,11.1702
,296,8.42857,587,68,35,0,0,68,35,36.1702,18.617,0,0,36.1702,18.617
,296,8.42857,588,65,32,0,0,65,32,34.5745,17.0213,0,0,34.5745,17.0213
,296,8.42857,589,54,29,0,0,54,29,28.7234,15.4255,0,0,28.7234,15.4255
,296,8.42857,591,98,26,-18,-20,78,8,52.1277,13.8298,-9.57447,-10.6383,41.4894,4.25532
,297,8.45714,587,46,23,0,0,46,23,24.4681,12.234,0,0,24.4681,12.234
,297,8.45714,588,40,19,0,0,40,19,21.2766,10.1064,0,0,21.2766,10.1064
,297,8.45714,589,40,20,0,0,40,20,21.2766,10.6383,0,0,21.2766,10.6383
,297,8.45714,591,98,23,-18,-20,78,5,52.1277,12.234,-9.57447,-10.6383,41.4894,2.65957
,298,8.48571,587,39,20,0,0,39,20,20.7447,10.6383,0,0,20.7447,10.6383
,298,8.48571,588,37,19,0,0,37,19,19.6809,10.1064,0,0,19.6809,10.1064
,298,8.48571,589,36,21,0,0,36,21,19.1489,11.1702,0,0,19.1489,11.1702
,298,8.48571,591,98,23,-18,-20,78,5,52.1277,12.234,-9.57447,-10.6383,41.4894,2.65957
,299,8.51429,587,34,20,0,0,34,20,18.0851,10.6383,0,0,18.0851,10.6383
,299,8.51429,588,33,18,0,0,33,18,17.5532,9.57447,0,0,17.5532,9.57447
,299,8.51429,589,36,20,0,0,36,20,19.1489,10.6383,0,0,19.1489,10.6383
,299,8.51429,591,98,26,-18,-20,78,8,52.1277,13.8298,-9.57447,-10.6383,41.4894,4.25532
,300,8.54286,587,38,21,0,0,38,21,20.2128,11.1702,0,0,20.2128,11.1702
,300,8.54286,588,41,23,0,0,41,23,21.8085,12.234,0,0,21.8085,12.234
,300,8.54286,589,41,24,0,0,41,24,21.8085,12.766,0,0,21.8085,12.766
,300,8.54286,591,98,26,-18,-20,78,8,52.1277,13.8298,-9.57447,-10.6383,41.4894,4.25532
,301,8.57143,587,38,22,0,0,38,22,20.2128,11.7021,0,0,20.2128,11.7021
,301,8.57143,588,38,25,0,0,38,25,20.2128,13.2979,0,0,20.2128,13.2979
,301,8.57143,589,36,23,0,0,36,23,19.1489,12.234,0,0,19.1489,12.234
,301,8.57143,591,98,22,-18,-20,78,4,52.1277,11.7021,-9.57447,-10.6383,41.4894,2.12766
,302,8.6,587,32,20,0,0,32,20,17.0213,10.6383,0,0,17.0213,10.6383
,302,8.6,588,28,18,0,0,28,18,14.8936,9.57447,0,0,14.8936,9.57447
,302,8.6,589,25,16,0,0,25,16,13.2979,8.51064,0,0,13.2979,8.51064
,302,8.6,591,98,20,-18,-20,78,2,52.1277,10.6383,-9.57447,-10.6383,41.4894,1.06383
,303,8.62857,587,29,16,0,0,29,16,15.4255,8.51064,0,0,15.4255,8.51064
,303,8.62857,588,34,19,0,0,34,19,18.0851,10.1064,0,0,18.0851,10.1064
,303,8.62857,589,39,23,0,0,39,23,20.7447,12.234,0,0,20.7447,12.234
,303,8.62857,591,98,26,-18,-20,78,8,52.1277,13.8298,-9.57447,-10.6383,41.4894,4.25532
