"file:///D:/documents/Programming/maui/maui-gui/videos/velocityType2.avi",frame number,media-media distance(pixels),Top intima-media distance(pixels),Bottom intima-media distance(pixels),time(seconds),media-media distance(cm),Top intima-media distance(cm),Bottom intima-media distance(cm),intima-intima distance(pixels),intima-intima distance(cm),velocity xLocation,velocity peak positive(pixels),velocity mean positive(pixels),velocity mean negative(pixels),velocity peak negative(pixels),velocity peak all(pixels),velocity mean all(pixels),velocity peak positive(cm/s),velocity mean positive(cm/s),velocity mean negative(cm/s),velocity peak negative(cm/s),velocity peak all(cm/s),velocity mean all(cm/s),flow peak positive(mL/min),flow mean positive(mL/min),flow mean negative(mL/min),flow peak negative(mL/min),flow peak all(mL/min),flow mean all(mL/min)
"D:/documents/Programming/maui/maui-gui/videos",1,40.0452,3.24204,3.84547,0,0.593262,0.0480302,0.0569699,32.9577,0.488262,676,0,0,0,0,0,0,0,0,0,0,0,0,0,0,0,0,0,0
2020/01/02 20:49:06,1,40.0452,3.24204,3.84547,0,0.593262,0.0480302,0.0569699,32.9577,0.488262,676,0,0,0,0,0,0,0,0,0,0,0,0,0,0,0,0,0,0
67.5 pixels = 1 cm,1,40.0452,3.24204,3.84547,0,0.593262,0.0480302,0.0569699,32.9577,0.488262,676,0,0,0,0,0,0,0,0,0,0,0,0,0,0,0,0,0,0
0.7 pixels = 1 cm/s,1,40.0452,3.24204,3.84547,0,0.593262,0.0480302,0.0569699,32.9577,0.488262,676,0,0,0,0,0,0,0,0,0,0,0,0,0,0,0,0,0,0
MAUI version 4.7,2,41.7819,3.23773,3.77676,1,0.618991,0.0479663,0.055952,34.7674,0.515073,676,0,0,0,0,0,0,0,0,0,0,0,0,0,0,0,0,0,0
,2,41.7819,3.23773,3.77676,1,0.618991,0.0479663,0.055952,34.7674,0.515073,676,0,0,0,0,0,0,0,0,0,0,0,0,0,0,0,0,0,0
,2,41.7819,3.23773,3.77676,1,0.618991,0.0479663,0.055952,34.7674,0.515073,676,0,0,0,0,0,0,0,0,0,0,0,0,0,0,0,0,0,0
,2,41.7819,3.23773,3.77676,1,0.618991,0.0479663,0.055952,34.7674,0.515073,676,0,0,0,0,0,0,0,0,0,0,0,0,0,0,0,0,0,0
,3,39.2284,3.12805,3.30858,2,0.581162,0.0463414,0.0490159,32.7918,0.485805,679,0,0,0,0,0,0,0,0,0,0,0,0,0,0,0,0,0,0
,3,39.2284,3.12805,3.30858,2,0.581162,0.0463414,0.0490159,32.7918,0.485805,684,0,0,0,0,0,0,0,0,0,0,0,0,0,0,0,0,0,0
,3,39.2284,3.12805,3.30858,2,0.581162,0.0463414,0.0490159,32.7918,0.485805,688,0,0,0,0,0,0,0,0,0,0,0,0,0,0,0,0,0,0
,3,39.2284,3.12805,3.30858,2,0.581162,0.0463414,0.0490159,32.7918,0.485805,5,0,0,0,0,0,0,0,0,0,0,0,0,0,0,0,0,0,0
,4,40.0051,3.09226,3.77154,3,0.592668,0.0458113,0.0558747,33.1413,0.490982,172,0,0,0,0,0,0,0,0,0,0,0,0,0,0,0,0,0,0
,4,40.0051,3.09226,3.77154,3,0.592668,0.0458113,0.0558747,33.1413,0.490982,340,41,30,0,0,41,30,58.5714,42.8571,0,0,58.5714,42.8571,969.505,709.394,0,0,969.505,709.394
,4,40.0051,3.09226,3.77154,3,0.592668,0.0458113,0.0558747,33.1413,0.490982,508,0,0,0,0,0,0,0,0,0,0,0,0,0,0,0,0,0,0
,4,40.0051,3.09226,3.77154,3,0.592668,0.0458113,0.0558747,33.1413,0.490982,676,0,0,0,0,0,0,0,0,0,0,0,0,0,0,0,0,0,0
,5,39.8896,3.13977,3.86713,4,0.590957,0.0465152,0.0572908,32.8827,0.487151,676,0,0,0,0,0,0,0,0,0,0,0,0,0,0,0,0,0,0
,5,39.8896,3.13977,3.86713,4,0.590957,0.0465152,0.0572908,32.8827,0.487151,676,0,0,0,0,0,0,0,0,0,0,0,0,0,0,0,0,0,0
,5,39.8896,3.13977,3.86713,4,0.590957,0.0465152,0.0572908,32.8827,0.487151,676,0,0,0,0,0,0,0,0,0,0,0,0,0,0,0,0,0,0
,5,39.8896,3.13977,3.86713,4,0.590957,0.0465152,0.0572908,32.8827,0.487151,676,0,0,0,0,0,0,0,0,0,0,0,0,0,0,0,0,0,0
,6,42.8205,3.97613,4.42175,5,0.634378,0.0589056,0.0655074,34.4227,0.509965,63,6,4,-4,-7,-1,0,8.57143,5.71429,-5.71429,-10,-1.42857,0,162.552,108.368,0,0,0,0
,6,42.8205,3.97613,4.42175,5,0.634378,0.0589056,0.0655074,34.4227,0.509965,139,0,0,0,0,0,0,0,0,0,0,0,0,0,0,0,0,0,0
,6,42.8205,3.97613,4.42175,5,0.634378,0.0589056,0.0655074,34.4227,0.509965,215,0,0,-6,-13,-13,-6,0,0,-8.57143,-18.5714,-18.5714,-8.57143,0,0,0,0,0,0
,6,42.8205,3.97613,4.42175,5,0.634378,0.0589056,0.0655074,34.4227,0.509965,292,0,0,-7,-13,-13,-7,0,0,-10,-18.5714,-18.5714,-10,0,0,0,0,0,0
,7,41.0185,3.78074,5.14052,6,0.607681,0.056011,0.0761559,32.0972,0.475514,317,2,2,-7,-17,-15,-5,2.85714,2.85714,-10,-24.2857,-21.4286,-7.14286,49.7193,49.7193,0,0,0,0
,7,41.0185,3.78074,5.14052,6,0.607681,0.056011,0.0761559,32.0972,0.475514,344,0,0,-5,-13,-13,-5,0,0,-7.14286,-18.5714,-18.5714,-7.14286,0,0,0,0,0,0
,7,41.0185,3.78074,5.14052,6,0.607681,0.056011,0.0761559,32.0972,0.475514,370,0,0,-8,-14,-14,-8,0,0,-11.4286,-20,-20,-11.4286,0,0,0,0,0,0
,7,41.0185,3.78074,5.14052,6,0.607681,0.056011,0.0761559,32.0972,0.475514,397,0,0,-5,-12,-12,-5,0,0,-7.14286,-17.1429,-17.1429,-7.14286,0,0,0,0,0,0
,8,39.239,3.12352,3.31717,7,0.581319,0.0462743,0.0491433,32.7983,0.485901,421,24,17,-7,-11,13,10,34.2857,24.2857,-10,-15.7143,18.5714,14.2857,545.988,386.742,0,0,295.744,227.495
,8,39.239,3.12352,3.31717,7,0.581319,0.0462743,0.0491433,32.7983,0.485901,447,0,0,-16,-26,-26,-16,0,0,-22.8571,-37.1429,-37.1429,-22.8571,0,0,0,0,0,0
,8,39.239,3.12352,3.31717,7,0.581319,0.0462743,0.0491433,32.7983,0.485901,473,0,0,0,0,0,0,0,0,0,0,0,0,0,0,0,0,0,0
,8,39.239,3.12352,3.31717,7,0.581319,0.0462743,0.0491433,32.7983,0.485901,499,0,0,0,0,0,0,0,0,0,0,0,0,0,0,0,0,0,0
,9,46.4106,3.51579,8.02949,8,0.687565,0.0520858,0.118955,34.8654,0.516524,542,21,13,0,0,21,13,30,18.5714,0,0,30,18.5714,668.328,413.727,0,0,668.328,413.727
,9,46.4106,3.51579,8.02949,8,0.687565,0.0520858,0.118955,34.8654,0.516524,587,0,0,0,0,0,0,0,0,0,0,0,0,0,0,0,0,0,0
,9,46.4106,3.51579,8.02949,8,0.687565,0.0520858,0.118955,34.8654,0.516524,631,0,0,-7,-14,-14,-7,0,0,-10,-20,-20,-10,0,0,0,0,0,0
,9,46.4106,3.51579,8.02949,8,0.687565,0.0520858,0.118955,34.8654,0.516524,676,0,0,0,0,0,0,0,0,0,0,0,0,0,0,0,0,0,0
,10,41.5806,4.44927,4.534,9,0.616009,0.0659151,0.0671704,32.5973,0.482923,676,0,0,0,0,0,0,0,0,0,0,0,0,0,0,0,0,0,0
,10,41.5806,4.44927,4.534,9,0.616009,0.0659151,0.0671704,32.5973,0.482923,676,0,0,0,0,0,0,0,0,0,0,0,0,0,0,0,0,0,0
,10,41.5806,4.44927,4.534,9,0.616009,0.0659151,0.0671704,32.5973,0.482923,676,0,0,0,0,0,0,0,0,0,0,0,0,0,0,0,0,0,0
,10,41.5806,4.44927,4.534,9,0.616009,0.0659151,0.0671704,32.5973,0.482923,676,0,0,0,0,0,0,0,0,0,0,0,0,0,0,0,0,0,0
,11,42.1996,4.09529,3.53516,10,0.625179,0.0606709,0.0523727,34.5691,0.512135,676,0,0,0,0,0,0,0,0,0,0,0,0,0,0,0,0,0,0
,11,42.1996,4.09529,3.53516,10,0.625179,0.0606709,0.0523727,34.5691,0.512135,676,0,0,0,0,0,0,0,0,0,0,0,0,0,0,0,0,0,0
,11,42.1996,4.09529,3.53516,10,0.625179,0.0606709,0.0523727,34.5691,0.512135,676,0,0,0,0,0,0,0,0,0,0,0,0,0,0,0,0,0,0
,11,42.1996,4.09529,3.53516,10,0.625179,0.0606709,0.0523727,34.5691,0.512135,676,0,0,0,0,0,0,0,0,0,0,0,0,0,0,0,0,0,0
,12,40.6005,4.37896,3.37637,11,0.601489,0.0648735,0.0500203,32.8452,0.486595,676,0,0,0,0,0,0,0,0,0,0,0,0,0,0,0,0,0,0
,12,40.6005,4.37896,3.37637,11,0.601489,0.0648735,0.0500203,32.8452,0.486595,676,0,0,0,0,0,0,0,0,0,0,0,0,0,0,0,0,0,0
,12,40.6005,4.37896,3.37637,11,0.601489,0.0648735,0.0500203,32.8452,0.486595,676,0,0,0,0,0,0,0,0,0,0,0,0,0,0,0,0,0,0
,12,40.6005,4.37896,3.37637,11,0.601489,0.0648735,0.0500203,32.8452,0.486595,676,0,0,0,0,0,0,0,0,0,0,0,0,0,0,0,0,0,0
,13,40.8135,4.48604,4.49296,12,0.604645,0.0664598,0.0665623,31.8345,0.471623,676,0,0,0,0,0,0,0,0,0,0,0,0,0,0,0,0,0,0
,13,40.8135,4.48604,4.49296,12,0.604645,0.0664598,0.0665623,31.8345,0.471623,676,0,0,0,0,0,0,0,0,0,0,0,0,0,0,0,0,0,0
,13,40.8135,4.48604,4.49296,12,0.604645,0.0664598,0.0665623,31.8345,0.471623,676,0,0,0,0,0,0,0,0,0,0,0,0,0,0,0,0,0,0
,13,40.8135,4.48604,4.49296,12,0.604645,0.0664598,0.0665623,31.8345,0.471623,676,0,0,0,0,0,0,0,0,0,0,0,0,0,0,0,0,0,0
,14,41.2037,4.12715,3.88219,13,0.610424,0.0611429,0.057514,33.1943,0.491768,676,0,0,0,0,0,0,0,0,0,0,0,0,0,0,0,0,0,0
,14,41.2037,4.12715,3.88219,13,0.610424,0.0611429,0.057514,33.1943,0.491768,676,0,0,0,0,0,0,0,0,0,0,0,0,0,0,0,0,0,0
,14,41.2037,4.12715,3.88219,13,0.610424,0.0611429,0.057514,33.1943,0.491768,676,0,0,0,0,0,0,0,0,0,0,0,0,0,0,0,0,0,0
,14,41.2037,4.12715,3.88219,13,0.610424,0.0611429,0.057514,33.1943,0.491768,676,0,0,0,0,0,0,0,0,0,0,0,0,0,0,0,0,0,0
,15,42.461,4.34521,4.29585,14,0.629052,0.0643736,0.0636422,33.8199,0.501036,676,0,0,0,0,0,0,0,0,0,0,0,0,0,0,0,0,0,0
,15,42.461,4.34521,4.29585,14,0.629052,0.0643736,0.0636422,33.8199,0.501036,676,0,0,0,0,0,0,0,0,0,0,0,0,0,0,0,0,0,0
,15,42.461,4.34521,4.29585,14,0.629052,0.0643736,0.0636422,33.8199,0.501036,676,0,0,0,0,0,0,0,0,0,0,0,0,0,0,0,0,0,0
,15,42.461,4.34521,4.29585,14,0.629052,0.0643736,0.0636422,33.8199,0.501036,676,0,0,0,0,0,0,0,0,0,0,0,0,0,0,0,0,0,0
,16,40.6839,4.25602,3.71513,15,0.602725,0.0630522,0.055039,32.7128,0.484634,676,0,0,0,0,0,0,0,0,0,0,0,0,0,0,0,0,0,0
,16,40.6839,4.25602,3.71513,15,0.602725,0.0630522,0.055039,32.7128,0.484634,676,0,0,0,0,0,0,0,0,0,0,0,0,0,0,0,0,0,0
,16,40.6839,4.25602,3.71513,15,0.602725,0.0630522,0.055039,32.7128,0.484634,676,0,0,0,0,0,0,0,0,0,0,0,0,0,0,0,0,0,0
,16,40.6839,4.25602,3.71513,15,0.602725,0.0630522,0.055039,32.7128,0.484634,676,0,0,0,0,0,0,0,0,0,0,0,0,0,0,0,0,0,0
,17,40.9301,4.3581,4.41003,16,0.606371,0.0645644,0.0653338,32.1619,0.476473,676,0,0,0,0,0,0,0,0,0,0,0,0,0,0,0,0,0,0
,17,40.9301,4.3581,4.41003,16,0.606371,0.0645644,0.0653338,32.1619,0.476473,676,0,0,0,0,0,0,0,0,0,0,0,0,0,0,0,0,0,0
,17,40.9301,4.3581,4.41003,16,0.606371,0.0645644,0.0653338,32.1619,0.476473,676,0,0,0,0,0,0,0,0,0,0,0,0,0,0,0,0,0,0
,17,40.9301,4.3581,4.41003,16,0.606371,0.0645644,0.0653338,32.1619,0.476473,676,0,0,0,0,0,0,0,0,0,0,0,0,0,0,0,0,0,0
,18,40.901,4.75764,3.79355,17,0.605941,0.0704836,0.0562007,32.3498,0.479256,676,0,0,0,0,0,0,0,0,0,0,0,0,0,0,0,0,0,0
,18,40.901,4.75764,3.79355,17,0.605941,0.0704836,0.0562007,32.3498,0.479256,676,0,0,0,0,0,0,0,0,0,0,0,0,0,0,0,0,0,0
,18,40.901,4.75764,3.79355,17,0.605941,0.0704836,0.0562007,32.3498,0.479256,676,0,0,0,0,0,0,0,0,0,0,0,0,0,0,0,0,0,0
,18,40.901,4.75764,3.79355,17,0.605941,0.0704836,0.0562007,32.3498,0.479256,676,0,0,0,0,0,0,0,0,0,0,0,0,0,0,0,0,0,0
,19,40.1416,3.83783,3.43628,18,0.594691,0.0568567,0.0509079,32.8675,0.486926,676,0,0,0,0,0,0,0,0,0,0,0,0,0,0,0,0,0,0
,19,40.1416,3.83783,3.43628,18,0.594691,0.0568567,0.0509079,32.8675,0.486926,676,0,0,0,0,0,0,0,0,0,0,0,0,0,0,0,0,0,0
,19,40.1416,3.83783,3.43628,18,0.594691,0.0568567,0.0509079,32.8675,0.486926,676,0,0,0,0,0,0,0,0,0,0,0,0,0,0,0,0,0,0
,19,40.1416,3.83783,3.43628,18,0.594691,0.0568567,0.0509079,32.8675,0.486926,676,0,0,0,0,0,0,0,0,0,0,0,0,0,0,0,0,0,0
,20,41.5359,4.30631,3.46022,19,0.615347,0.0637972,0.0512625,33.7694,0.500288,676,0,0,0,0,0,0,0,0,0,0,0,0,0,0,0,0,0,0
,20,41.5359,4.30631,3.46022,19,0.615347,0.0637972,0.0512625,33.7694,0.500288,676,0,0,0,0,0,0,0,0,0,0,0,0,0,0,0,0,0,0
,20,41.5359,4.30631,3.46022,19,0.615347,0.0637972,0.0512625,33.7694,0.500288,676,0,0,0,0,0,0,0,0,0,0,0,0,0,0,0,0,0,0
,20,41.5359,4.30631,3.46022,19,0.615347,0.0637972,0.0512625,33.7694,0.500288,676,0,0,0,0,0,0,0,0,0,0,0,0,0,0,0,0,0,0
,21,40.2386,3.27081,3.73432,20,0.596128,0.0484565,0.0553233,33.2335,0.492348,87,0,0,-12,-22,-22,-12,0,0,-17.1429,-31.4286,-31.4286,-17.1429,0,0,0,0,0,0
,21,40.2386,3.27081,3.73432,20,0.596128,0.0484565,0.0553233,33.2335,0.492348,188,33,23,0,0,33,23,47.1429,32.8571,0,0,47.1429,32.8571,789.471,550.237,0,0,789.471,550.237
,21,40.2386,3.27081,3.73432,20,0.596128,0.0484565,0.0553233,33.2335,0.492348,289,0,0,-7,-13,-13,-7,0,0,-10,-18.5714,-18.5714,-10,0,0,0,0,0,0
,21,40.2386,3.27081,3.73432,20,0.596128,0.0484565,0.0553233,33.2335,0.492348,390,0,0,0,0,0,0,0,0,0,0,0,0,0,0,0,0,0,0
,22,40.3716,3.43693,3.64662,21,0.598098,0.0509174,0.054024,33.2881,0.493156,460,0,0,-9,-18,-18,-9,0,0,-12.8571,-25.7143,-25.7143,-12.8571,0,0,0,0,0,0
,22,40.3716,3.43693,3.64662,21,0.598098,0.0509174,0.054024,33.2881,0.493156,531,0,0,-2,-6,-6,-2,0,0,-2.85714,-8.57143,-8.57143,-2.85714,0,0,0,0,0,0
,22,40.3716,3.43693,3.64662,21,0.598098,0.0509174,0.054024,33.2881,0.493156,602,0,0,0,0,0,0,0,0,0,0,0,0,0,0,0,0,0,0
,22,40.3716,3.43693,3.64662,21,0.598098,0.0509174,0.054024,33.2881,0.493156,673,0,0,0,0,0,0,0,0,0,0,0,0,0,0,0,0,0,0
,23,40.8444,4.22892,3.45376,22,0.605102,0.0626506,0.0511668,33.1617,0.491284,673,0,0,0,0,0,0,0,0,0,0,0,0,0,0,0,0,0,0
,23,40.8444,4.22892,3.45376,22,0.605102,0.0626506,0.0511668,33.1617,0.491284,673,0,0,0,0,0,0,0,0,0,0,0,0,0,0,0,0,0,0
,23,40.8444,4.22892,3.45376,22,0.605102,0.0626506,0.0511668,33.1617,0.491284,673,0,0,0,0,0,0,0,0,0,0,0,0,0,0,0,0,0,0
,23,40.8444,4.22892,3.45376,22,0.605102,0.0626506,0.0511668,33.1617,0.491284,673,0,0,0,0,0,0,0,0,0,0,0,0,0,0,0,0,0,0
,24,40.9471,4.39424,3.57165,23,0.606623,0.0650999,0.0529133,32.9812,0.48861,677,0,0,0,0,0,0,0,0,0,0,0,0,0,0,0,0,0,0
,24,40.9471,4.39424,3.57165,23,0.606623,0.0650999,0.0529133,32.9812,0.48861,682,0,0,0,0,0,0,0,0,0,0,0,0,0,0,0,0,0,0
,24,40.9471,4.39424,3.57165,23,0.606623,0.0650999,0.0529133,32.9812,0.48861,687,0,0,0,0,0,0,0,0,0,0,0,0,0,0,0,0,0,0
,24,40.9471,4.39424,3.57165,23,0.606623,0.0650999,0.0529133,32.9812,0.48861,5,35,23,0,0,35,23,50,32.8571,0,0,50,32.8571,867.06,569.782,0,0,867.06,569.782
,25,42.3418,4.26382,3.12432,24,0.627286,0.0631678,0.0462862,34.9537,0.517832,172,0,0,-5,-10,-10,-5,0,0,-7.14286,-14.2857,-14.2857,-7.14286,0,0,0,0,0,0
,25,42.3418,4.26382,3.12432,24,0.627286,0.0631678,0.0462862,34.9537,0.517832,340,0,0,-8,-16,-16,-8,0,0,-11.4286,-22.8571,-22.8571,-11.4286,0,0,0,0,0,0
,25,42.3418,4.26382,3.12432,24,0.627286,0.0631678,0.0462862,34.9537,0.517832,508,0,0,0,0,0,0,0,0,0,0,0,0,0,0,0,0,0,0
,25,42.3418,4.26382,3.12432,24,0.627286,0.0631678,0.0462862,34.9537,0.517832,676,0,0,0,0,0,0,0,0,0,0,0,0,0,0,0,0,0,0
,26,34.0426,6.17268,3.51493,25,0.504336,0.0914471,0.0520731,24.355,0.360815,42,0,0,-2,-6,-6,-2,0,0,-2.85714,-8.57143,-8.57143,-2.85714,0,0,0,0,0,0
,26,34.0426,6.17268,3.51493,25,0.504336,0.0914471,0.0520731,24.355,0.360815,98,0,0,0,0,0,0,0,0,0,0,0,0,0,0,0,0,0,0
,26,34.0426,6.17268,3.51493,25,0.504336,0.0914471,0.0520731,24.355,0.360815,153,0,0,-15,-25,-25,-15,0,0,-21.4286,-35.7143,-35.7143,-21.4286,0,0,0,0,0,0
,26,34.0426,6.17268,3.51493,25,0.504336,0.0914471,0.0520731,24.355,0.360815,209,0,0,0,0,0,0,0,0,0,0,0,0,0,0,0,0,0,0
,27,40.9776,4.05435,3.42416,26,0.607076,0.0600645,0.0507283,33.4991,0.496283,228,0,0,0,0,0,0,0,0,0,0,0,0,0,0,0,0,0,0
,27,40.9776,4.05435,3.42416,26,0.607076,0.0600645,0.0507283,33.4991,0.496283,249,35,28,0,0,35,28,50,40,0,0,50,40,868.355,694.684,0,0,868.355,694.684
,27,40.9776,4.05435,3.42416,26,0.607076,0.0600645,0.0507283,33.4991,0.496283,270,0,0,-12,-24,-24,-12,0,0,-17.1429,-34.2857,-34.2857,-17.1429,0,0,0,0,0,0
,27,40.9776,4.05435,3.42416,26,0.607076,0.0600645,0.0507283,33.4991,0.496283,291,0,0,-4,-9,-9,-4,0,0,-5.71429,-12.8571,-12.8571,-5.71429,0,0,0,0,0,0
,28,41.4902,5.40086,3.74625,27,0.61467,0.0800127,0.0555,32.3431,0.479157,386,0,0,0,0,0,0,0,0,0,0,0,0,0,0,0,0,0,0
,28,41.4902,5.40086,3.74625,27,0.61467,0.0800127,0.0555,32.3431,0.479157,483,0,0,0,0,0,0,0,0,0,0,0,0,0,0,0,0,0,0
,28,41.4902,5.40086,3.74625,27,0.61467,0.0800127,0.0555,32.3431,0.479157,579,0,0,0,0,0,0,0,0,0,0,0,0,0,0,0,0,0,0
,28,41.4902,5.40086,3.74625,27,0.61467,0.0800127,0.0555,32.3431,0.479157,676,0,0,0,0,0,0,0,0,0,0,0,0,0,0,0,0,0,0
,29,42.899,4.43232,3.87464,28,0.635541,0.065664,0.057402,34.5921,0.512475,676,0,0,0,0,0,0,0,0,0,0,0,0,0,0,0,0,0,0
,29,42.899,4.43232,3.87464,28,0.635541,0.065664,0.057402,34.5921,0.512475,676,0,0,0,0,0,0,0,0,0,0,0,0,0,0,0,0,0,0
,29,42.899,4.43232,3.87464,28,0.635541,0.065664,0.057402,34.5921,0.512475,676,0,0,0,0,0,0,0,0,0,0,0,0,0,0,0,0,0,0
,29,42.899,4.43232,3.87464,28,0.635541,0.065664,0.057402,34.5921,0.512475,676,0,0,0,0,0,0,0,0,0,0,0,0,0,0,0,0,0,0
,30,40.998,4.20262,3.6362,29,0.607377,0.0622611,0.0538697,33.1591,0.491247,135,16,10,0,0,16,10,22.8571,14.2857,0,0,22.8571,14.2857,397.356,248.348,0,0,397.356,248.348
,30,40.998,4.20262,3.6362,29,0.607377,0.0622611,0.0538697,33.1591,0.491247,283,0,0,-9,-18,-18,-9,0,0,-12.8571,-25.7143,-25.7143,-12.8571,0,0,0,0,0,0
,30,40.998,4.20262,3.6362,29,0.607377,0.0622611,0.0538697,33.1591,0.491247,431,0,0,0,0,0,0,0,0,0,0,0,0,0,0,0,0,0,0
,30,40.998,4.20262,3.6362,29,0.607377,0.0622611,0.0538697,33.1591,0.491247,579,0,0,0,0,0,0,0,0,0,0,0,0,0,0,0,0,0,0
,31,40.6277,4.36521,3.37116,30,0.601892,0.0646699,0.049943,32.8913,0.487279,601,0,0,0,0,0,0,0,0,0,0,0,0,0,0,0,0,0,0
,31,40.6277,4.36521,3.37116,30,0.601892,0.0646699,0.049943,32.8913,0.487279,624,42,34,0,0,42,34,60,48.5714,0,0,60,48.5714,1024.3,829.199,0,0,1024.3,829.199
,31,40.6277,4.36521,3.37116,30,0.601892,0.0646699,0.049943,32.8913,0.487279,647,0,0,-17,-29,-29,-17,0,0,-24.2857,-41.4286,-41.4286,-24.2857,0,0,0,0,0,0
,31,40.6277,4.36521,3.37116,30,0.601892,0.0646699,0.049943,32.8913,0.487279,671,8,5,0,0,8,5,11.4286,7.14286,0,0,11.4286,7.14286,195.106,121.941,0,0,195.106,121.941
,32,40.3906,4.75615,3.19626,31,0.59838,0.0704614,0.0473519,32.4382,0.480566,671,0,0,0,0,0,0,0,0,0,0,0,0,0,0,0,0,0,0
,32,40.3906,4.75615,3.19626,31,0.59838,0.0704614,0.0473519,32.4382,0.480566,671,0,0,0,0,0,0,0,0,0,0,0,0,0,0,0,0,0,0
,32,40.3906,4.75615,3.19626,31,0.59838,0.0704614,0.0473519,32.4382,0.480566,671,0,0,0,0,0,0,0,0,0,0,0,0,0,0,0,0,0,0
,32,40.3906,4.75615,3.19626,31,0.59838,0.0704614,0.0473519,32.4382,0.480566,671,0,0,0,0,0,0,0,0,0,0,0,0,0,0,0,0,0,0
,33,40.1497,4.85022,3.11556,32,0.59481,0.0718551,0.0461564,32.1839,0.476799,36,0,0,-4,-10,-10,-4,0,0,-5.71429,-14.2857,-14.2857,-5.71429,0,0,0,0,0,0
,33,40.1497,4.85022,3.11556,32,0.59481,0.0718551,0.0461564,32.1839,0.476799,90,0,0,-13,-23,-23,-13,0,0,-18.5714,-32.8571,-32.8571,-18.5714,0,0,0,0,0,0
,33,40.1497,4.85022,3.11556,32,0.59481,0.0718551,0.0461564,32.1839,0.476799,144,0,0,-3,-8,-8,-3,0,0,-4.28571,-11.4286,-11.4286,-4.28571,0,0,0,0,0,0
,33,40.1497,4.85022,3.11556,32,0.59481,0.0718551,0.0461564,32.1839,0.476799,198,9,5,0,0,9,5,12.8571,7.14286,0,0,12.8571,7.14286,214.359,119.088,0,0,214.359,119.088
,34,41.7563,4.72996,3.31767,33,0.618611,0.0700734,0.0491506,33.7086,0.499387,315,0,0,0,0,0,0,0,0,0,0,0,0,0,0,0,0,0,0
,34,41.7563,4.72996,3.31767,33,0.618611,0.0700734,0.0491506,33.7086,0.499387,434,0,0,0,0,0,0,0,0,0,0,0,0,0,0,0,0,0,0
,34,41.7563,4.72996,3.31767,33,0.618611,0.0700734,0.0491506,33.7086,0.499387,552,0,0,0,0,0,0,0,0,0,0,0,0,0,0,0,0,0,0
,34,41.7563,4.72996,3.31767,33,0.618611,0.0700734,0.0491506,33.7086,0.499387,671,8,5,0,0,8,5,11.4286,7.14286,0,0,11.4286,7.14286,206.096,128.81,0,0,206.096,128.81
,35,40.0666,4.66172,3.07737,34,0.593579,0.0690625,0.0455906,32.3275,0.478926,87,0,0,-8,-18,-18,-8,0,0,-11.4286,-25.7143,-25.7143,-11.4286,0,0,0,0,0,0
,35,40.0666,4.66172,3.07737,34,0.593579,0.0690625,0.0455906,32.3275,0.478926,192,29,20,-4,-7,22,16,41.4286,28.5714,-5.71429,-10,31.4286,22.8571,687.857,474.384,0,0,521.822,379.507
,35,40.0666,4.66172,3.07737,34,0.593579,0.0690625,0.0455906,32.3275,0.478926,297,0,0,0,0,0,0,0,0,0,0,0,0,0,0,0,0,0,0
,35,40.0666,4.66172,3.07737,34,0.593579,0.0690625,0.0455906,32.3275,0.478926,403,0,0,0,0,0,0,0,0,0,0,0,0,0,0,0,0,0,0
,36,39.3296,4.97583,3.07737,35,0.58266,0.073716,0.0455906,31.2764,0.463354,469,0,0,-2,-6,-6,-2,0,0,-2.85714,-8.57143,-8.57143,-2.85714,0,0,0,0,0,0
,36,39.3296,4.97583,3.07737,35,0.58266,0.073716,0.0455906,31.2764,0.463354,536,0,0,-5,-11,-11,-5,0,0,-7.14286,-15.7143,-15.7143,-7.14286,0,0,0,0,0,0
,36,39.3296,4.97583,3.07737,35,0.58266,0.073716,0.0455906,31.2764,0.463354,603,0,0,0,0,0,0,0,0,0,0,0,0,0,0,0,0,0,0
,36,39.3296,4.97583,3.07737,35,0.58266,0.073716,0.0455906,31.2764,0.463354,671,8,5,0,0,8,5,11.4286,7.14286,0,0,11.4286,7.14286,182.837,114.273,0,0,182.837,114.273
,37,39.1049,4.75954,3.03232,36,0.579331,0.0705117,0.0449233,31.313,0.463897,133,0,0,0,0,0,0,0,0,0,0,0,0,0,0,0,0,0,0
,37,39.1049,4.75954,3.03232,36,0.579331,0.0705117,0.0449233,31.313,0.463897,284,0,0,0,0,0,0,0,0,0,0,0,0,0,0,0,0,0,0
,37,39.1049,4.75954,3.03232,36,0.579331,0.0705117,0.0449233,31.313,0.463897,435,26,19,-5,-10,16,14,37.1429,27.1429,-7.14286,-14.2857,22.8571,20,587.45,429.29,0,0,361.507,316.319
,37,39.1049,4.75954,3.03232,36,0.579331,0.0705117,0.0449233,31.313,0.463897,586,0,0,0,0,0,0,0,0,0,0,0,0,0,0,0,0,0,0
,38,39.2015,4.28988,3.11643,37,0.580764,0.0635538,0.0461694,31.7952,0.47104,615,0,0,0,0,0,0,0,0,0,0,0,0,0,0,0,0,0,0
,38,39.2015,4.28988,3.11643,37,0.580764,0.0635538,0.0461694,31.7952,0.47104,646,0,0,0,0,0,0,0,0,0,0,0,0,0,0,0,0,0,0
,38,39.2015,4.28988,3.11643,37,0.580764,0.0635538,0.0461694,31.7952,0.47104,676,0,0,0,0,0,0,0,0,0,0,0,0,0,0,0,0,0,0
,38,39.2015,4.28988,3.11643,37,0.580764,0.0635538,0.0461694,31.7952,0.47104,19,0,0,0,0,0,0,0,0,0,0,0,0,0,0,0,0,0,0
,39,41.3593,4.40802,3.12362,38,0.612731,0.065304,0.0462759,33.8277,0.501151,182,34,27,0,0,34,27,48.5714,38.5714,0,0,48.5714,38.5714,859.333,682.412,0,0,859.333,682.412
,39,41.3593,4.40802,3.12362,38,0.612731,0.065304,0.0462759,33.8277,0.501151,347,3,2,-4,-11,-8,-2,4.28571,2.85714,-5.71429,-15.7143,-11.4286,-2.85714,75.8235,50.549,0,0,0,0
,39,41.3593,4.40802,3.12362,38,0.612731,0.065304,0.0462759,33.8277,0.501151,511,0,0,0,0,0,0,0,0,0,0,0,0,0,0,0,0,0,0
,39,41.3593,4.40802,3.12362,38,0.612731,0.065304,0.0462759,33.8277,0.501151,676,0,0,0,0,0,0,0,0,0,0,0,0,0,0,0,0,0,0
,40,39.1685,4.23931,3.0831,39,0.580274,0.0628046,0.0456755,31.8461,0.471794,676,0,0,0,0,0,0,0,0,0,0,0,0,0,0,0,0,0,0
,40,39.1685,4.23931,3.0831,39,0.580274,0.0628046,0.0456755,31.8461,0.471794,676,0,0,0,0,0,0,0,0,0,0,0,0,0,0,0,0,0,0
,40,39.1685,4.23931,3.0831,39,0.580274,0.0628046,0.0456755,31.8461,0.471794,676,0,0,0,0,0,0,0,0,0,0,0,0,0,0,0,0,0,0
,40,39.1685,4.23931,3.0831,39,0.580274,0.0628046,0.0456755,31.8461,0.471794,676,0,0,0,0,0,0,0,0,0,0,0,0,0,0,0,0,0,0
,41,38.936,4.40802,3.06014,40,0.576829,0.065304,0.0453355,31.4678,0.46619,66,0,0,0,0,0,0,0,0,0,0,0,0,0,0,0,0,0,0
,41,38.936,4.40802,3.06014,40,0.576829,0.065304,0.0453355,31.4678,0.46619,146,0,0,-14,-23,-23,-14,0,0,-20,-32.8571,-32.8571,-20,0,0,0,0,0,0
,41,38.936,4.40802,3.06014,40,0.576829,0.065304,0.0453355,31.4678,0.46619,225,0,0,0,0,0,0,0,0,0,0,0,0,0,0,0,0,0,0
,41,38.936,4.40802,3.06014,40,0.576829,0.065304,0.0453355,31.4678,0.46619,305,0,0,0,0,0,0,0,0,0,0,0,0,0,0,0,0,0,0
,42,39.1513,4.34848,3.0073,41,0.580019,0.064422,0.0445526,31.7955,0.471044,325,0,0,0,0,0,0,0,0,0,0,0,0,0,0,0,0,0,0
,42,39.1513,4.34848,3.0073,41,0.580019,0.064422,0.0445526,31.7955,0.471044,346,15,8,0,0,15,8,21.4286,11.4286,0,0,21.4286,11.4286,339.718,181.183,0,0,339.718,181.183
,42,39.1513,4.34848,3.0073,41,0.580019,0.064422,0.0445526,31.7955,0.471044,367,11,6,0,0,11,6,15.7143,8.57143,0,0,15.7143,8.57143,249.126,135.887,0,0,249.126,135.887
,42,39.1513,4.34848,3.0073,41,0.580019,0.064422,0.0445526,31.7955,0.471044,388,0,0,-9,-17,-17,-9,0,0,-12.8571,-24.2857,-24.2857,-12.8571,0,0,0,0,0,0
,43,39.3488,4.29601,3.15869,42,0.582946,0.0636446,0.0467955,31.8941,0.472505,459,0,0,0,0,0,0,0,0,0,0,0,0,0,0,0,0,0,0
,43,39.3488,4.29601,3.15869,42,0.582946,0.0636446,0.0467955,31.8941,0.472505,531,0,0,0,0,0,0,0,0,0,0,0,0,0,0,0,0,0,0
,43,39.3488,4.29601,3.15869,42,0.582946,0.0636446,0.0467955,31.8941,0.472505,603,0,0,0,0,0,0,0,0,0,0,0,0,0,0,0,0,0,0
,43,39.3488,4.29601,3.15869,42,0.582946,0.0636446,0.0467955,31.8941,0.472505,676,0,0,0,0,0,0,0,0,0,0,0,0,0,0,0,0,0,0
,44,40.4224,4.41306,3.1018,43,0.59885,0.0653786,0.0459526,32.9075,0.487519,676,0,0,0,0,0,0,0,0,0,0,0,0,0,0,0,0,0,0
,44,40.4224,4.41306,3.1018,43,0.59885,0.0653786,0.0459526,32.9075,0.487519,676,0,0,0,0,0,0,0,0,0,0,0,0,0,0,0,0,0,0
,44,40.4224,4.41306,3.1018,43,0.59885,0.0653786,0.0459526,32.9075,0.487519,676,0,0,0,0,0,0,0,0,0,0,0,0,0,0,0,0,0,0
,44,40.4224,4.41306,3.1018,43,0.59885,0.0653786,0.0459526,32.9075,0.487519,676,0,0,0,0,0,0,0,0,0,0,0,0,0,0,0,0,0,0
,45,38.1021,4.41968,3.1729,44,0.564475,0.0654768,0.0470059,30.5095,0.451993,676,0,0,0,0,0,0,0,0,0,0,0,0,0,0,0,0,0,0
,45,38.1021,4.41968,3.1729,44,0.564475,0.0654768,0.0470059,30.5095,0.451993,676,0,0,0,0,0,0,0,0,0,0,0,0,0,0,0,0,0,0
,45,38.1021,4.41968,3.1729,44,0.564475,0.0654768,0.0470059,30.5095,0.451993,676,0,0,0,0,0,0,0,0,0,0,0,0,0,0,0,0,0,0
,45,38.1021,4.41968,3.1729,44,0.564475,0.0654768,0.0470059,30.5095,0.451993,676,0,0,0,0,0,0,0,0,0,0,0,0,0,0,0,0,0,0
,46,39.3752,4.42065,3.1493,45,0.583336,0.065491,0.0466563,31.8052,0.471188,676,0,0,0,0,0,0,0,0,0,0,0,0,0,0,0,0,0,0
,46,39.3752,4.42065,3.1493,45,0.583336,0.065491,0.0466563,31.8052,0.471188,676,0,0,0,0,0,0,0,0,0,0,0,0,0,0,0,0,0,0
,46,39.3752,4.42065,3.1493,45,0.583336,0.065491,0.0466563,31.8052,0.471188,676,0,0,0,0,0,0,0,0,0,0,0,0,0,0,0,0,0,0
,46,39.3752,4.42065,3.1493,45,0.583336,0.065491,0.0466563,31.8052,0.471188,676,0,0,0,0,0,0,0,0,0,0,0,0,0,0,0,0,0,0
,47,39.4717,4.32611,3.08955,46,0.584767,0.0640906,0.045771,32.0561,0.474905,42,45,32,-6,-11,34,26,64.2857,45.7143,-8.57143,-15.7143,48.5714,37.1429,1035.91,736.645,0,0,782.685,598.524
,47,39.4717,4.32611,3.08955,46,0.584767,0.0640906,0.045771,32.0561,0.474905,98,0,0,0,0,0,0,0,0,0,0,0,0,0,0,0,0,0,0
,47,39.4717,4.32611,3.08955,46,0.584767,0.0640906,0.045771,32.0561,0.474905,153,0,0,0,0,0,0,0,0,0,0,0,0,0,0,0,0,0,0
,47,39.4717,4.32611,3.08955,46,0.584767,0.0640906,0.045771,32.0561,0.474905,209,2,2,-4,-10,-8,-2,2.85714,2.85714,-5.71429,-14.2857,-11.4286,-2.85714,46.0403,46.0403,0,0,0,0
,48,39.8722,4.22056,3.1493,47,0.5907,0.0625268,0.0466563,32.5024,0.481517,325,0,0,0,0,0,0,0,0,0,0,0,0,0,0,0,0,0,0
,48,39.8722,4.22056,3.1493,47,0.5907,0.0625268,0.0466563,32.5024,0.481517,442,0,0,0,0,0,0,0,0,0,0,0,0,0,0,0,0,0,0
,48,39.8722,4.22056,3.1493,47,0.5907,0.0625268,0.0466563,32.5024,0.481517,559,0,0,-5,-11,-11,-5,0,0,-7.14286,-15.7143,-15.7143,-7.14286,0,0,0,0,0,0
,48,39.8722,4.22056,3.1493,47,0.5907,0.0625268,0.0466563,32.5024,0.481517,676,0,0,0,0,0,0,0,0,0,0,0,0,0,0,0,0,0,0
,49,40.0466,4.44623,3.06888,48,0.593284,0.0658701,0.0454649,32.5315,0.481949,676,0,0,0,0,0,0,0,0,0,0,0,0,0,0,0,0,0,0
,49,40.0466,4.44623,3.06888,48,0.593284,0.0658701,0.0454649,32.5315,0.481949,676,0,0,0,0,0,0,0,0,0,0,0,0,0,0,0,0,0,0
,49,40.0466,4.44623,3.06888,48,0.593284,0.0658701,0.0454649,32.5315,0.481949,676,0,0,0,0,0,0,0,0,0,0,0,0,0,0,0,0,0,0
,49,40.0466,4.44623,3.06888,48,0.593284,0.0658701,0.0454649,32.5315,0.481949,676,0,0,0,0,0,0,0,0,0,0,0,0,0,0,0,0,0,0
,50,38.9315,4.6473,2.97668,49,0.576764,0.0688489,0.0440989,31.3076,0.463816,676,0,0,0,0,0,0,0,0,0,0,0,0,0,0,0,0,0,0
,50,38.9315,4.6473,2.97668,49,0.576764,0.0688489,0.0440989,31.3076,0.463816,676,0,0,0,0,0,0,0,0,0,0,0,0,0,0,0,0,0,0
,50,38.9315,4.6473,2.97668,49,0.576764,0.0688489,0.0440989,31.3076,0.463816,676,0,0,0,0,0,0,0,0,0,0,0,0,0,0,0,0,0,0
,50,38.9315,4.6473,2.97668,49,0.576764,0.0688489,0.0440989,31.3076,0.463816,676,0,0,0,0,0,0,0,0,0,0,0,0,0,0,0,0,0,0
,51,39.7691,4.79054,3.12487,50,0.589172,0.070971,0.0462944,31.8537,0.471907,676,0,0,0,0,0,0,0,0,0,0,0,0,0,0,0,0,0,0
,51,39.7691,4.79054,3.12487,50,0.589172,0.070971,0.0462944,31.8537,0.471907,676,0,0,0,0,0,0,0,0,0,0,0,0,0,0,0,0,0,0
,51,39.7691,4.79054,3.12487,50,0.589172,0.070971,0.0462944,31.8537,0.471907,676,0,0,0,0,0,0,0,0,0,0,0,0,0,0,0,0,0,0
,51,39.7691,4.79054,3.12487,50,0.589172,0.070971,0.0462944,31.8537,0.471907,676,0,0,0,0,0,0,0,0,0,0,0,0,0,0,0,0,0,0
,52,39.3794,4.83826,3.08833,51,0.583398,0.0716779,0.0457531,31.4528,0.465967,676,0,0,0,0,0,0,0,0,0,0,0,0,0,0,0,0,0,0
,52,39.3794,4.83826,3.08833,51,0.583398,0.0716779,0.0457531,31.4528,0.465967,676,0,0,0,0,0,0,0,0,0,0,0,0,0,0,0,0,0,0
,52,39.3794,4.83826,3.08833,51,0.583398,0.0716779,0.0457531,31.4528,0.465967,676,0,0,0,0,0,0,0,0,0,0,0,0,0,0,0,0,0,0
,52,39.3794,4.83826,3.08833,51,0.583398,0.0716779,0.0457531,31.4528,0.465967,676,0,0,0,0,0,0,0,0,0,0,0,0,0,0,0,0,0,0
,53,40.7351,4.70592,3.0243,52,0.603483,0.0697173,0.0448044,33.0049,0.488961,676,0,0,0,0,0,0,0,0,0,0,0,0,0,0,0,0,0,0
,53,40.7351,4.70592,3.0243,52,0.603483,0.0697173,0.0448044,33.0049,0.488961,676,0,0,0,0,0,0,0,0,0,0,0,0,0,0,0,0,0,0
,53,40.7351,4.70592,3.0243,52,0.603483,0.0697173,0.0448044,33.0049,0.488961,676,0,0,0,0,0,0,0,0,0,0,0,0,0,0,0,0,0,0
,53,40.7351,4.70592,3.0243,52,0.603483,0.0697173,0.0448044,33.0049,0.488961,676,0,0,0,0,0,0,0,0,0,0,0,0,0,0,0,0,0,0
,54,38.8454,4.90285,3.05688,53,0.575487,0.0726349,0.0452871,30.8857,0.457565,676,0,0,0,0,0,0,0,0,0,0,0,0,0,0,0,0,0,0
,54,38.8454,4.90285,3.05688,53,0.575487,0.0726349,0.0452871,30.8857,0.457565,676,0,0,0,0,0,0,0,0,0,0,0,0,0,0,0,0,0,0
,54,38.8454,4.90285,3.05688,53,0.575487,0.0726349,0.0452871,30.8857,0.457565,676,0,0,0,0,0,0,0,0,0,0,0,0,0,0,0,0,0,0
,54,38.8454,4.90285,3.05688,53,0.575487,0.0726349,0.0452871,30.8857,0.457565,676,0,0,0,0,0,0,0,0,0,0,0,0,0,0,0,0,0,0
,55,39.6678,4.94875,3.16327,54,0.587671,0.0733148,0.0468632,31.5558,0.467493,676,0,0,0,0,0,0,0,0,0,0,0,0,0,0,0,0,0,0
,55,39.6678,4.94875,3.16327,54,0.587671,0.0733148,0.0468632,31.5558,0.467493,676,0,0,0,0,0,0,0,0,0,0,0,0,0,0,0,0,0,0
,55,39.6678,4.94875,3.16327,54,0.587671,0.0733148,0.0468632,31.5558,0.467493,676,0,0,0,0,0,0,0,0,0,0,0,0,0,0,0,0,0,0
,55,39.6678,4.94875,3.16327,54,0.587671,0.0733148,0.0468632,31.5558,0.467493,676,0,0,0,0,0,0,0,0,0,0,0,0,0,0,0,0,0,0
,56,39.3416,4.64908,3.11486,55,0.582838,0.0688752,0.046146,31.5776,0.467817,676,0,0,0,0,0,0,0,0,0,0,0,0,0,0,0,0,0,0
,56,39.3416,4.64908,3.11486,55,0.582838,0.0688752,0.046146,31.5776,0.467817,676,0,0,0,0,0,0,0,0,0,0,0,0,0,0,0,0,0,0
,56,39.3416,4.64908,3.11486,55,0.582838,0.0688752,0.046146,31.5776,0.467817,676,0,0,0,0,0,0,0,0,0,0,0,0,0,0,0,0,0,0
,56,39.3416,4.64908,3.11486,55,0.582838,0.0688752,0.046146,31.5776,0.467817,676,0,0,0,0,0,0,0,0,0,0,0,0,0,0,0,0,0,0
,57,41.7254,4.40786,3.16248,56,0.618154,0.0653017,0.0468516,34.1551,0.506001,676,0,0,0,0,0,0,0,0,0,0,0,0,0,0,0,0,0,0
,57,41.7254,4.40786,3.16248,56,0.618154,0.0653017,0.0468516,34.1551,0.506001,676,0,0,0,0,0,0,0,0,0,0,0,0,0,0,0,0,0,0
,57,41.7254,4.40786,3.16248,56,0.618154,0.0653017,0.0468516,34.1551,0.506001,676,0,0,0,0,0,0,0,0,0,0,0,0,0,0,0,0,0,0
,57,41.7254,4.40786,3.16248,56,0.618154,0.0653017,0.0468516,34.1551,0.506001,676,0,0,0,0,0,0,0,0,0,0,0,0,0,0,0,0,0,0
,58,38.768,4.49098,3.09801,57,0.574341,0.066533,0.0458964,31.179,0.461911,137,0,0,-11,-23,-23,-11,0,0,-15.7143,-32.8571,-32.8571,-15.7143,0,0,0,0,0,0
,58,38.768,4.49098,3.09801,57,0.574341,0.066533,0.0458964,31.179,0.461911,288,0,0,0,0,0,0,0,0,0,0,0,0,0,0,0,0,0,0
,58,38.768,4.49098,3.09801,57,0.574341,0.066533,0.0458964,31.179,0.461911,439,0,0,-4,-9,-9,-4,0,0,-5.71429,-12.8571,-12.8571,-5.71429,0,0,0,0,0,0
,58,38.768,4.49098,3.09801,57,0.574341,0.066533,0.0458964,31.179,0.461911,590,0,0,-3,-8,-8,-3,0,0,-4.28571,-11.4286,-11.4286,-4.28571,0,0,0,0,0,0
,59,38.8877,4.53638,2.98259,58,0.576114,0.0672057,0.0441865,31.3687,0.464722,618,38,28,-4,-10,28,24,54.2857,40,-5.71429,-14.2857,40,34.2857,849.069,625.63,0,0,625.63,536.254
,59,38.8877,4.53638,2.98259,58,0.576114,0.0672057,0.0441865,31.3687,0.464722,647,0,0,-15,-25,-25,-15,0,0,-21.4286,-35.7143,-35.7143,-21.4286,0,0,0,0,0,0
,59,38.8877,4.53638,2.98259,58,0.576114,0.0672057,0.0441865,31.3687,0.464722,676,0,0,0,0,0,0,0,0,0,0,0,0,0,0,0,0,0,0
,59,38.8877,4.53638,2.98259,58,0.576114,0.0672057,0.0441865,31.3687,0.464722,18,0,0,-4,-9,-9,-4,0,0,-5.71429,-12.8571,-12.8571,-5.71429,0,0,0,0,0,0
,60,39.2581,5.0512,3.03248,59,0.581602,0.0748326,0.0449257,31.1744,0.461843,38,0,0,-3,-7,-7,-3,0,0,-4.28571,-10,-10,-4.28571,0,0,0,0,0,0
,60,39.2581,5.0512,3.03248,59,0.581602,0.0748326,0.0449257,31.1744,0.461843,59,34,24,0,0,34,24,48.5714,34.2857,0,0,48.5714,34.2857,774.236,546.519,0,0,774.236,546.519
,60,39.2581,5.0512,3.03248,59,0.581602,0.0748326,0.0449257,31.1744,0.461843,80,2,2,-6,-13,-11,-4,2.85714,2.85714,-8.57143,-18.5714,-15.7143,-5.71429,45.5433,45.5433,0,0,0,0
,60,39.2581,5.0512,3.03248,59,0.581602,0.0748326,0.0449257,31.1744,0.461843,101,0,0,-5,-12,-12,-5,0,0,-7.14286,-17.1429,-17.1429,-7.14286,0,0,0,0,0,0
,61,39.3065,4.92994,3.14282,60,0.582318,0.0730362,0.0465603,31.2337,0.462722,244,43,34,0,0,43,34,61.4286,48.5714,0,0,61.4286,48.5714,981.595,776.145,0,0,981.595,776.145
,61,39.3065,4.92994,3.14282,60,0.582318,0.0730362,0.0465603,31.2337,0.462722,388,0,0,-17,-30,-30,-17,0,0,-24.2857,-42.8571,-42.8571,-24.2857,0,0,0,0,0,0
,61,39.3065,4.92994,3.14282,60,0.582318,0.0730362,0.0465603,31.2337,0.462722,532,0,0,-6,-12,-12,-6,0,0,-8.57143,-17.1429,-17.1429,-8.57143,0,0,0,0,0,0
,61,39.3065,4.92994,3.14282,60,0.582318,0.0730362,0.0465603,31.2337,0.462722,676,0,0,0,0,0,0,0,0,0,0,0,0,0,0,0,0,0,0
,62,40.8142,5.17677,3.01958,61,0.604655,0.0766928,0.0447345,32.6178,0.483227,676,0,0,0,0,0,0,0,0,0,0,0,0,0,0,0,0,0,0
,62,40.8142,5.17677,3.01958,61,0.604655,0.0766928,0.0447345,32.6178,0.483227,676,0,0,0,0,0,0,0,0,0,0,0,0,0,0,0,0,0,0
,62,40.8142,5.17677,3.01958,61,0.604655,0.0766928,0.0447345,32.6178,0.483227,676,0,0,0,0,0,0,0,0,0,0,0,0,0,0,0,0,0,0
,62,40.8142,5.17677,3.01958,61,0.604655,0.0766928,0.0447345,32.6178,0.483227,676,0,0,0,0,0,0,0,0,0,0,0,0,0,0,0,0,0,0
,63,39.8886,5.25346,3.12201,62,0.590942,0.0778291,0.046252,31.5131,0.466861,676,0,0,0,0,0,0,0,0,0,0,0,0,0,0,0,0,0,0
,63,39.8886,5.25346,3.12201,62,0.590942,0.0778291,0.046252,31.5131,0.466861,676,0,0,0,0,0,0,0,0,0,0,0,0,0,0,0,0,0,0
,63,39.8886,5.25346,3.12201,62,0.590942,0.0778291,0.046252,31.5131,0.466861,676,0,0,0,0,0,0,0,0,0,0,0,0,0,0,0,0,0,0
,63,39.8886,5.25346,3.12201,62,0.590942,0.0778291,0.046252,31.5131,0.466861,676,0,0,0,0,0,0,0,0,0,0,0,0,0,0,0,0,0,0
,64,39.2146,5.24129,3.04067,63,0.580957,0.0776487,0.0450469,30.9326,0.458261,113,5,3,-1,-4,1,2,7.14286,4.28571,-1.42857,-5.71429,1.42857,2.85714,113.606,68.1635,0,0,22.7212,45.4424
,64,39.2146,5.24129,3.04067,63,0.580957,0.0776487,0.0450469,30.9326,0.458261,240,0,0,0,0,0,0,0,0,0,0,0,0,0,0,0,0,0,0
,64,39.2146,5.24129,3.04067,63,0.580957,0.0776487,0.0450469,30.9326,0.458261,367,0,0,0,0,0,0,0,0,0,0,0,0,0,0,0,0,0,0
,64,39.2146,5.24129,3.04067,63,0.580957,0.0776487,0.0450469,30.9326,0.458261,494,0,0,0,0,0,0,0,0,0,0,0,0,0,0,0,0,0,0
,65,39.9323,5.34459,3.13742,64,0.591589,0.0791791,0.0464803,31.4503,0.46593,538,44,33,0,0,44,33,62.8571,47.1429,0,0,62.8571,47.1429,1036.66,777.495,0,0,1036.66,777.495
,65,39.9323,5.34459,3.13742,64,0.591589,0.0791791,0.0464803,31.4503,0.46593,584,0,0,0,0,0,0,0,0,0,0,0,0,0,0,0,0,0,0
,65,39.9323,5.34459,3.13742,64,0.591589,0.0791791,0.0464803,31.4503,0.46593,630,19,12,-6,-8,11,6,27.1429,17.1429,-8.57143,-11.4286,15.7143,8.57143,447.649,282.726,0,0,259.165,141.363
,65,39.9323,5.34459,3.13742,64,0.591589,0.0791791,0.0464803,31.4503,0.46593,676,0,0,0,0,0,0,0,0,0,0,0,0,0,0,0,0,0,0
,66,39.887,5.11292,3.0288,65,0.590918,0.075747,0.0448711,31.7453,0.4703,676,0,0,0,0,0,0,0,0,0,0,0,0,0,0,0,0,0,0
,66,39.887,5.11292,3.0288,65,0.590918,0.075747,0.0448711,31.7453,0.4703,676,0,0,0,0,0,0,0,0,0,0,0,0,0,0,0,0,0,0
,66,39.887,5.11292,3.0288,65,0.590918,0.075747,0.0448711,31.7453,0.4703,676,0,0,0,0,0,0,0,0,0,0,0,0,0,0,0,0,0,0
,66,39.887,5.11292,3.0288,65,0.590918,0.075747,0.0448711,31.7453,0.4703,676,0,0,0,0,0,0,0,0,0,0,0,0,0,0,0,0,0,0
,67,40.4819,4.69344,3.15954,66,0.599732,0.0695324,0.046808,32.629,0.483392,17,0,0,-15,-24,-24,-15,0,0,-21.4286,-34.2857,-34.2857,-21.4286,0,0,0,0,0,0
,67,40.4819,4.69344,3.15954,66,0.599732,0.0695324,0.046808,32.629,0.483392,47,7,4,0,0,7,4,10,5.71429,0,0,10,5.71429,169.495,96.8541,0,0,169.495,96.8541
,67,40.4819,4.69344,3.15954,66,0.599732,0.0695324,0.046808,32.629,0.483392,77,0,0,0,0,0,0,0,0,0,0,0,0,0,0,0,0,0,0
,67,40.4819,4.69344,3.15954,66,0.599732,0.0695324,0.046808,32.629,0.483392,107,9,6,0,0,9,6,12.8571,8.57143,0,0,12.8571,8.57143,217.922,145.281,0,0,217.922,145.281
,68,38.8178,5.18247,3.13569,67,0.575079,0.0767773,0.0464547,30.4997,0.451847,248,0,0,0,0,0,0,0,0,0,0,0,0,0,0,0,0,0,0
,68,38.8178,5.18247,3.13569,67,0.575079,0.0767773,0.0464547,30.4997,0.451847,391,0,0,0,0,0,0,0,0,0,0,0,0,0,0,0,0,0,0
,68,38.8178,5.18247,3.13569,67,0.575079,0.0767773,0.0464547,30.4997,0.451847,533,22,13,0,0,22,13,31.4286,18.5714,0,0,31.4286,18.5714,489.802,289.429,0,0,489.802,289.429
,68,38.8178,5.18247,3.13569,67,0.575079,0.0767773,0.0464547,30.4997,0.451847,676,0,0,0,0,0,0,0,0,0,0,0,0,0,0,0,0,0,0
,69,39.4228,4.4551,3.12336,68,0.584042,0.0660015,0.046272,31.8443,0.471768,676,0,0,0,0,0,0,0,0,0,0,0,0,0,0,0,0,0,0
,69,39.4228,4.4551,3.12336,68,0.584042,0.0660015,0.046272,31.8443,0.471768,676,0,0,0,0,0,0,0,0,0,0,0,0,0,0,0,0,0,0
,69,39.4228,4.4551,3.12336,68,0.584042,0.0660015,0.046272,31.8443,0.471768,676,0,0,0,0,0,0,0,0,0,0,0,0,0,0,0,0,0,0
,69,39.4228,4.4551,3.12336,68,0.584042,0.0660015,0.046272,31.8443,0.471768,676,0,0,0,0,0,0,0,0,0,0,0,0,0,0,0,0,0,0
,70,39.4949,4.87232,3.14273,69,0.58511,0.0721825,0.046559,31.4798,0.466368,89,0,0,0,0,0,0,0,0,0,0,0,0,0,0,0,0,0,0
,70,39.4949,4.87232,3.14273,69,0.58511,0.0721825,0.046559,31.4798,0.466368,191,0,0,0,0,0,0,0,0,0,0,0,0,0,0,0,0,0,0
,70,39.4949,4.87232,3.14273,69,0.58511,0.0721825,0.046559,31.4798,0.466368,293,8,4,-3,-8,0,1,11.4286,5.71429,-4.28571,-11.4286,0,1.42857,184.377,92.1886,0,0,0,23.0472
,70,39.4949,4.87232,3.14273,69,0.58511,0.0721825,0.046559,31.4798,0.466368,395,0,0,0,0,0,0,0,0,0,0,0,0,0,0,0,0,0,0
,71,40.1987,4.57302,2.9752,70,0.595536,0.0677485,0.0440771,32.6504,0.48371,464,0,0,0,0,0,0,0,0,0,0,0,0,0,0,0,0,0,0
,71,40.1987,4.57302,2.9752,70,0.595536,0.0677485,0.0440771,32.6504,0.48371,535,29,21,0,0,29,21,41.4286,30,0,0,41.4286,30,692.399,501.393,0,0,692.399,501.393
,71,40.1987,4.57302,2.9752,70,0.595536,0.0677485,0.0440771,32.6504,0.48371,605,0,0,0,0,0,0,0,0,0,0,0,0,0,0,0,0,0,0
,71,40.1987,4.57302,2.9752,70,0.595536,0.0677485,0.0440771,32.6504,0.48371,676,0,0,0,0,0,0,0,0,0,0,0,0,0,0,0,0,0,0
,72,38.7907,4.90912,3.13328,71,0.574678,0.0727277,0.046419,30.7483,0.455531,676,0,0,0,0,0,0,0,0,0,0,0,0,0,0,0,0,0,0
,72,38.7907,4.90912,3.13328,71,0.574678,0.0727277,0.046419,30.7483,0.455531,676,0,0,0,0,0,0,0,0,0,0,0,0,0,0,0,0,0,0
,72,38.7907,4.90912,3.13328,71,0.574678,0.0727277,0.046419,30.7483,0.455531,676,0,0,0,0,0,0,0,0,0,0,0,0,0,0,0,0,0,0
,72,38.7907,4.90912,3.13328,71,0.574678,0.0727277,0.046419,30.7483,0.455531,676,0,0,0,0,0,0,0,0,0,0,0,0,0,0,0,0,0,0
,73,39.3822,4.83125,3.07418,72,0.58344,0.0715741,0.0455435,31.4768,0.466322,676,0,0,0,0,0,0,0,0,0,0,0,0,0,0,0,0,0,0
,73,39.3822,4.83125,3.07418,72,0.58344,0.0715741,0.0455435,31.4768,0.466322,676,0,0,0,0,0,0,0,0,0,0,0,0,0,0,0,0,0,0
,73,39.3822,4.83125,3.07418,72,0.58344,0.0715741,0.0455435,31.4768,0.466322,676,0,0,0,0,0,0,0,0,0,0,0,0,0,0,0,0,0,0
,73,39.3822,4.83125,3.07418,72,0.58344,0.0715741,0.0455435,31.4768,0.466322,676,0,0,0,0,0,0,0,0,0,0,0,0,0,0,0,0,0,0
,74,40.0267,5.46125,3.13747,73,0.592989,0.0809075,0.0464811,31.428,0.4656,676,0,0,0,0,0,0,0,0,0,0,0,0,0,0,0,0,0,0
,74,40.0267,5.46125,3.13747,73,0.592989,0.0809075,0.0464811,31.428,0.4656,676,0,0,0,0,0,0,0,0,0,0,0,0,0,0,0,0,0,0
,74,40.0267,5.46125,3.13747,73,0.592989,0.0809075,0.0464811,31.428,0.4656,676,0,0,0,0,0,0,0,0,0,0,0,0,0,0,0,0,0,0
,74,40.0267,5.46125,3.13747,73,0.592989,0.0809075,0.0464811,31.428,0.4656,676,0,0,0,0,0,0,0,0,0,0,0,0,0,0,0,0,0,0
,75,41.0982,4.99548,3.06268,74,0.608862,0.0740071,0.045373,33.0401,0.489482,676,0,0,0,0,0,0,0,0,0,0,0,0,0,0,0,0,0,0
,75,41.0982,4.99548,3.06268,74,0.608862,0.0740071,0.045373,33.0401,0.489482,676,0,0,0,0,0,0,0,0,0,0,0,0,0,0,0,0,0,0
,75,41.0982,4.99548,3.06268,74,0.608862,0.0740071,0.045373,33.0401,0.489482,676,0,0,0,0,0,0,0,0,0,0,0,0,0,0,0,0,0,0
,75,41.0982,4.99548,3.06268,74,0.608862,0.0740071,0.045373,33.0401,0.489482,676,0,0,0,0,0,0,0,0,0,0,0,0,0,0,0,0,0,0
,76,40.6766,4.88715,3.10139,75,0.602616,0.0724023,0.0459465,32.688,0.484267,676,0,0,0,0,0,0,0,0,0,0,0,0,0,0,0,0,0,0
,76,40.6766,4.88715,3.10139,75,0.602616,0.0724023,0.0459465,32.688,0.484267,676,0,0,0,0,0,0,0,0,0,0,0,0,0,0,0,0,0,0
,76,40.6766,4.88715,3.10139,75,0.602616,0.0724023,0.0459465,32.688,0.484267,676,0,0,0,0,0,0,0,0,0,0,0,0,0,0,0,0,0,0
,76,40.6766,4.88715,3.10139,75,0.602616,0.0724023,0.0459465,32.688,0.484267,676,0,0,0,0,0,0,0,0,0,0,0,0,0,0,0,0,0,0
